"","X","...1","Analysis","ID1","RT","AreaAll","d29N","d15N","AAID","d15N.correct","adj"
"19",19,19,44827,"19_W_2",2168.8,1.348,6.367,6.367,"PHE",5.93685,5.20954801136381
"24",24,24,44828,"19_W_2",2169,1.258,6.865,6.865,"PHE",6.43485,5.61451704545406
"29",29,29,44829,"19_W_2",2169.2,1.205,6.833,6.833,"PHE",6.40285,5.48948607954522
"39",39,39,44831,"19_K_2",2170.7,1.533,7.205,7.205,"PHE",6.77485,5.67542414772754
"44",44,44,44832,"19_K_2",2171.3,1.435,6.847,6.847,"PHE",6.41685,5.2243931818178
"49",49,49,44833,"19_K_2",2172.1,1.384,6.528,6.528,"PHE",6.09785,4.81236221590896
"54",54,54,44834,"19_K_3",2174.2,1.593,6.813,6.813,"PHE",6.38285,5.00433125000012
"59",59,59,44835,"19_K_3",2175.3,1.431,6.451,6.451,"PHE",6.02085,4.54930028409128
"64",64,64,44836,"19_K_3",2176.7,1.396,6.013,6.013,"PHE",5.58285,4.01826931818244
"74",74,74,44838,"19_E_2",2183,1.379,6.856,6.856,"PHE",6.42585,4.67520738636386
"112",112,20,44846,"22_W_2",2171.7,1.497,5.418,5.418,"PHE",4.98785,4.61254090909092
"117",117,25,44847,"22_W_2",2171.9,1.452,6.65,6.65,"PHE",6.21985,5.84081619318182
"122",122,30,44848,"22_W_2",2170.7,1.411,4.701,4.701,"PHE",4.27085,3.88809147727272
"127",127,35,44849,"22_W_3",2173.8,2.229,5.108,5.108,"PHE",4.67785,4.29136676136362
"132",132,40,44850,"22_W_3",2175.1,2.054,5.268,5.268,"PHE",4.83785,4.44764204545452
"137",137,45,44851,"22_W_3",2176.5,1.93,4.25,4.25,"PHE",3.81985,3.42591732954542
"147",147,55,44856,"22_K_3",2208.1,1.727,5.103,5.103,"PHE",4.67285,4.26029374999994
"152",152,60,44857,"22_K_3",2216.2,1.593,3.626,3.626,"PHE",3.19585,2.77956903409084
"157",157,65,44858,"22_K_3",2215.2,1.573,6.076,6.076,"PHE",5.64585,5.22584431818174
"192",192,20,44868,"22_W_3",2172.6,2.362,4.617,4.617,"PHE",4.18685,4.03701818181818
"197",197,25,44869,"22_W_3",2172.3,2.215,5.269,5.269,"PHE",4.83885,4.66766136363632
"202",202,30,44870,"22_W_3",2172.6,1.98,5.032,5.032,"PHE",4.60185,4.40930454545458
"207",207,35,44871,"22_K_3",2172.3,1.804,4.323,4.323,"PHE",3.89285,3.67894772727272
"212",212,40,44872,"22_K_3",2172.8,1.722,4.205,4.205,"PHE",3.77485,3.53959090909087
"217",217,45,44873,"22_K_3",2172.8,1.577,3.139,3.139,"PHE",2.70885,2.45223409090912
"257",257,20,44890,"16_K_2",2169.2,1.381,4.312,4.312,"PHE",3.88185,4.0045863636361
"262",262,25,44891,"16_K_2",2168.6,1.263,4.237,4.237,"PHE",3.80685,3.9205008522725
"267",267,30,44892,"16_K_2",2169.6,1.232,3.689,3.689,"PHE",3.25885,3.36341534090885
"302",302,15,44912,"13_K_3",2171.7,1.771,2.07,2.07,"PHE",1.63985,1.59428539823045
"307",307,20,44913,"13_K_3",2170.5,1.606,1.682,1.682,"PHE",1.25185,1.15811283185875
"312",312,25,44914,"13_K_3",2171.7,1.492,1.23,1.23,"PHE",0.79985,0.657940265487041
"337",337,15,44930,"04_K_3",2171.3,2.01,5.348,5.348,"PHE",4.91785,4.99369565217339
"342",342,20,44931,"04_K_3",2171.3,1.832,3.196,3.196,"PHE",2.76585,2.74184387351774
"347",347,25,44932,"04_K_3",2170.7,1.655,3.558,3.558,"PHE",3.12785,3.00399209486118
"352",352,30,44933,"04_E_3",2170.7,1.347,3.367,3.367,"PHE",2.93685,2.71314031620554
"357",357,35,44934,"04_E_3",2170.5,1.224,2.86,2.86,"PHE",2.42985,2.10628853754898
"366",366,44,44940,"01_W_3",2172.3,1.598,7.11,7.11,"PHE",6.67985,5.75717786561237
"371",371,49,44941,"01_W_3",2175.5,1.62,7.87,7.87,"PHE",7.43985,6.41732608695672
"376",376,54,44942,"01_W_3",2176.7,1.608,8.818,8.818,"PHE",8.38785,7.26547430830016
"386",386,64,44944,"01_K_2",2188,1.648,7.02,7.02,"PHE",6.58985,5.26777075098796
"391",391,69,44945,"01_K_2",2194.1,1.592,8.52,8.52,"PHE",8.08985,6.66791897233231
"396",396,74,44946,"01_K_2",2200.4,1.533,9.081,9.081,"PHE",8.65085,7.12906719367575
"426",426,20,44952,"10_E_2",2170,1.613,5.038,5.038,"PHE",4.60785,4.45597727272665
"431",431,25,44953,"10_E_2",2170.5,1.562,4.651,4.651,"PHE",4.22085,4.02156392045411
"436",436,30,44954,"10_E_2",2169.8,1.482,4.514,4.514,"PHE",4.08385,3.83715056818111
"441",441,35,44955,"10_E_3",2171.1,1.611,3.293,3.293,"PHE",2.86285,2.56873721590857
"446",446,40,44956,"10_E_3",2170.7,1.429,2.863,2.863,"PHE",2.43285,2.09132386363602
"451",451,45,44957,"10_E_3",2170.9,1.347,2.819,2.819,"PHE",2.38885,1.99991051136303
"461",461,55,44962,"07_K_2",2171.9,1.238,4.713,4.713,"PHE",4.28285,3.65684374999941
"466",466,60,44963,"07_K_2",2173.6,1.207,9.463,9.463,"PHE",9.03285,8.35943039772686
"481",481,75,44966,"04_W_3",2187.2,2.057,7.764,7.764,"PHE",7.33385,6.51819034090878
"486",486,80,44967,"04_W_3",2192.6,1.819,7.951,7.951,"PHE",7.52085,6.65777698863624
"491",491,85,44968,"04_W_3",2199.5,1.782,9.208,9.208,"PHE",8.77785,7.86736363636324
"521",521,20,45193,"22_E_2_R",2171.7,1.597,2.795,2.795,"PHE",2.36485,1.88482926136291
"526",526,25,45194,"22_E_2_R",2171.3,1.482,3.254,3.254,"PHE",2.82385,2.23039204545344
"531",531,30,45195,"22_E_2_R",2171.9,1.396,4.205,4.205,"PHE",3.77485,3.06795482954397
"541",541,40,45200,"92_W_2",2172.3,1.908,7.478,7.478,"PHE",7.04785,5.77376874999934
"546",546,45,45201,"92_W_2",2172.1,1.716,9.733,9.733,"PHE",9.30285,7.91533153408987
"551",551,50,45202,"92_W_2",2172.1,1.633,8.696,8.696,"PHE",8.26585,6.76489431818131
"586",586,20,45869,"04_E_2",2178.2,4.064,5.335,5.335,"PHE",4.90485,5.02100909090815
"591",591,25,45870,"04_E_2",2179.2,3.528,4.562,4.562,"PHE",4.13185,4.17404943181706
"596",596,30,45871,"04_E_2",2178.6,3.079,6.403,6.403,"PHE",5.97285,5.94108977272642
"601",601,35,45872,"10_K_2",2172.3,1.621,2.765,2.765,"PHE",2.33485,2.22913011363534
"606",606,40,45873,"10_K_2",2173,1.486,4.237,4.237,"PHE",3.80685,3.6271704545447
"611",611,45,45874,"10_K_2",2174,1.381,4.681,4.681,"PHE",4.25085,3.99721079545362
"621",621,55,45879,"07_E_2",2179.7,1.557,7.092,7.092,"PHE",6.66185,6.03841249999954
"626",626,60,45880,"07_E_2",2177.8,1.492,8.13,8.13,"PHE",7.69985,7.00245284090845
"631",631,65,45881,"07_E_2",2179.5,1.426,7.115,7.115,"PHE",6.68485,5.91349318181782
"666",666,20,45891,"04_W_2",2176.1,2.862,4.053,4.053,"PHE",3.62285,3.58378181817914
"671",671,25,45892,"04_W_2",2175.9,2.491,3.629,3.629,"PHE",3.19885,3.03956363636112
"676",676,30,45893,"04_W_2",2175.7,2.203,4.253,4.253,"PHE",3.82285,3.5433454545431
"681",681,35,45894,"01_E_2",2176.7,2.839,5.405,5.405,"PHE",4.97485,4.57512727272509
"686",686,40,45895,"01_E_2",2177.4,2.832,6.725,6.725,"PHE",6.29485,5.77490909090707
"691",691,45,45896,"01_E_2",2177.8,2.931,6.906,6.906,"PHE",6.47585,5.83569090908905
"701",701,55,45898,"01_K_3",2177.8,2.001,7.331,7.331,"PHE",6.90085,6.02025454545301
"706",706,60,45899,"01_K_3",2181.3,1.927,7.502,7.502,"PHE",7.07185,6.071036363635
"711",711,65,45900,"01_K_3",2183.8,1.908,8.328,8.328,"PHE",7.89785,6.77681818181698
"716",716,70,45901,"98_W_2",2185.3,1.402,8.273,8.273,"PHE",7.84285,6.60159999999896
"721",721,75,45902,"98_W_2",2191.4,1.306,9.027,9.027,"PHE",8.59685,7.23538181818094
"726",726,80,45903,"98_W_2",2197,1.311,8.547,8.547,"PHE",8.11685,6.63516363636202
"736",736,90,45905,"98_K_2",2218.7,1.891,8.397,8.397,"PHE",7.96685,6.24472727272598
"741",741,95,45906,"98_K_2",2226.9,1.849,10.008,10.008,"PHE",9.57785,7.73550909090796
"746",746,100,45907,"98_K_2",2237.3,2.005,9.332,9.332,"PHE",8.90185,6.93929090908994
"776",776,20,45913,"98_E_2",2177.8,3.185,2.59,2.59,"PHE",2.15985,1.99690909090795
"781",781,25,45914,"98_E_2",2177.4,2.691,3.473,3.473,"PHE",3.04285,2.80656818181714
"786",786,30,45915,"98_E_2",2177.2,2.566,3.093,3.093,"PHE",2.66285,2.35322727272634
"791",791,35,45916,"10_W_2",2175.1,1.913,4.273,4.273,"PHE",3.84285,3.45988636363554
"796",796,40,45917,"10_W_2",2174.4,1.844,4.82,4.82,"PHE",4.38985,3.93354545454474
"801",801,45,45918,"10_W_2",2175.3,1.825,7.573,7.573,"PHE",7.14285,6.61320454545348
"811",811,55,45920,"04_K_2",2183.6,2.921,9.608,9.608,"PHE",9.17785,8.50152272727188
"816",816,60,45921,"04_K_2",2188,2.787,10.101,10.101,"PHE",9.67085,8.92118181818107
"821",821,65,45922,"04_K_2",2193.2,2.677,9.974,9.974,"PHE",9.54385,8.72084090909027
"826",826,70,45923,"01_E_3",2203.9,4.566,7.971,7.971,"PHE",7.54085,6.64449999999947
"831",831,75,45924,"01_E_3",2215,4.196,8.906,8.906,"PHE",8.47585,7.50615909090821
"836",836,80,45925,"01_E_3",2229.4,4.187,9.02,9.02,"PHE",8.58985,7.54681818181741
"846",846,90,45927,"13_K_2",2251.1,1.916,7.928,7.928,"PHE",7.49785,6.3081363636358
"851",851,95,45928,"13_K_2",2268.3,1.902,7.932,7.932,"PHE",7.50185,6.238795454545
"856",856,100,45929,"13_K_2",2276.8,1.68,6.997,6.997,"PHE",6.56685,5.2304545454542
"886",886,20,45935,"13_E_2",2174,2.177,2.556,2.556,"PHE",2.12585,2.18819545454335
"891",891,25,45936,"13_E_2",2174.6,1.978,1.903,1.903,"PHE",1.47285,1.44675028408872
"896",896,30,45937,"13_E_2",2178,1.809,1.647,1.647,"PHE",1.21685,1.10230511363454
"901",901,35,45938,"13_E_3",2178,2.922,2.693,2.693,"PHE",2.26285,2.05985994317991
"906",906,40,45939,"13_E_3",2178.2,2.804,4.538,4.538,"PHE",4.10785,3.81641477272527
"911",911,45,45940,"13_E_3",2178.4,2.716,4.989,4.989,"PHE",4.55885,4.17896960227109
"951",951,20,45957,"95_K_2",2175.7,3.069,4.178,4.178,"PHE",3.74785,3.81676363636341
"956",956,25,45958,"95_K_2",2175.5,2.796,3.814,3.814,"PHE",3.38385,3.34083977272686
"961",961,30,45959,"95_K_2",2175.5,2.673,3.456,3.456,"PHE",3.02585,2.87091590909031
"966",966,35,45960,"95_E_2",2176.9,2.6,4.113,4.113,"PHE",3.68285,3.41599204545377
"971",971,40,45961,"95_E_2",2176.9,2.526,5.442,5.442,"PHE",5.01185,4.63306818181813
"976",976,45,45962,"95_E_2",2178,2.596,7.168,7.168,"PHE",6.73785,6.24714431818158
"986",986,55,45964,"95_E_3",2177.2,1.412,8.96,8.96,"PHE",8.52985,7.81529659090848
"991",991,60,45965,"95_E_3",2183,1.313,10.695,10.695,"PHE",10.26485,9.43837272727285
"996",996,65,45966,"95_E_3",2189.7,1.313,8.76,8.76,"PHE",8.32985,7.3914488636363
"1001",1001,70,45967,"13_W_3",2198.5,2.176,6.791,6.791,"PHE",6.36085,5.31052499999975
"1006",1006,75,45968,"13_W_3",2208.1,2.209,7.961,7.961,"PHE",7.53085,6.3686011363632
"1011",1011,80,45969,"13_W_3",2221,2.121,7.695,7.695,"PHE",7.26485,5.99067727272756
"1021",1021,90,45971,"13_W_2",2249.7,2.739,7.692,7.692,"PHE",7.26185,5.76382954545447
"1026",1026,95,45972,"13_W_2",2261.2,2.588,6.833,6.833,"PHE",6.40285,4.79290568181883
"1031",1031,100,45973,"13_W_2",2278.1,3.985,9.691,9.691,"PHE",9.26085,7.53898181818228
"1061",1061,20,46460,"89_W_2",2175.3,3.019,3.63,3.63,"PHE",3.19985,3.22974999999899
"1066",1066,25,46461,"89_W_2",2175.1,2.764,4.646,4.646,"PHE",4.21585,4.18201562499903
"1071",1071,30,46462,"89_W_2",2175.1,2.29,3.298,3.298,"PHE",2.86785,2.77028124999906
"1076",1076,35,46463,"89_E_3",2179,3.129,0.997,0.997,"PHE",0.56685,0.405546874999092
"1081",1081,40,46464,"89_E_3",2178.8,2.948,3.76,3.76,"PHE",3.32985,3.10481249999912
"1086",1086,45,46465,"89_E_3",2178.8,3.034,4.71,4.71,"PHE",4.27985,3.99107812499916
"1096",1096,55,46467,"89_K_2",2177.6,2.711,6.775,6.775,"PHE",6.34485,5.92860937499922
"1101",1101,60,46468,"89_K_2",2181.5,2.674,8.442,8.442,"PHE",8.01185,7.53187499999926
"1106",1106,65,46469,"89_K_2",2178.4,2.724,8.89,8.89,"PHE",8.45985,7.91614062499929
"1111",1111,70,46470,"89_E_2",2180.5,2.778,6.484,6.484,"PHE",6.05385,5.44640624999932
"1116",1116,75,46471,"89_E_2",2182.4,2.81,7.264,7.264,"PHE",6.83385,6.16267187499935
"1121",1121,80,46472,"89_E_2",2186.1,2.636,7.321,7.321,"PHE",6.89085,6.15593749999939
"1156",1156,20,46482,"92_E_2",2175.5,3.337,5.542,5.542,"PHE",5.11185,5.0820136363633
"1161",1161,25,46483,"92_E_2",2175.9,3.074,4.115,4.115,"PHE",3.68485,3.58313664772667
"1166",1166,30,46484,"92_E_2",2176.7,2.764,3.062,3.062,"PHE",2.63185,2.45825965909049
"1171",1171,35,46485,"89_W_3",2172.8,1.927,3.811,3.811,"PHE",3.38085,3.13538267045386
"1176",1176,40,46486,"89_W_3",2174,1.804,4.36,4.36,"PHE",3.92985,3.61250568181768
"1181",1181,45,46487,"89_W_3",2174.2,1.77,6.04,6.04,"PHE",5.60985,5.22062869318151
"1191",1191,55,46489,"93_K_2",2181.8,4.028,6.879,6.879,"PHE",6.44885,5.9158747159087
"1196",1196,60,46490,"93_K_2",2183.6,3.965,7.622,7.622,"PHE",7.19185,6.58699772727252
"1201",1201,65,46491,"93_K_2",2188.4,4.019,7.956,7.956,"PHE",7.52585,6.84912073863589
"1206",1206,70,46492,"84_W_2",2190.1,1.795,8.424,8.424,"PHE",7.99385,7.24524374999971
"1211",1211,75,46493,"84_W_2",2201.2,1.664,8.817,8.817,"PHE",8.38685,7.56636676136354
"1216",1216,80,46494,"84_W_2",2210.2,1.552,6.498,6.498,"PHE",6.06785,5.1754897727269
"1226",1226,90,46496,"80_W_2",2236.5,1.302,6.491,6.491,"PHE",6.06085,5.02473579545455
"1264",1264,20,46504,"77_W_3",2177.2,3.783,1.594,1.594,"PHE",1.16385,1.18113636363636
"1269",1269,25,46505,"77_W_3",2176.9,3.541,1.644,1.644,"PHE",1.21385,1.21742897727272
"1274",1274,30,46506,"77_W_3",2176.3,3.306,2.233,2.233,"PHE",1.80285,1.79272159090907
"1279",1279,35,46507,"80_K_2",2177.4,3.124,4.406,4.406,"PHE",3.97585,3.95201420454542
"1284",1284,40,46508,"80_K_2",2177.8,2.696,2.694,2.694,"PHE",2.26385,2.22630681818177
"1289",1289,45,46509,"80_K_2",2177.6,2.398,4.513,4.513,"PHE",4.08285,4.03159943181812
"1299",1299,55,46511,"77_W_2",2179.5,2.902,4.964,4.964,"PHE",4.53385,4.45518465909082
"1304",1304,60,46512,"77_W_2",2179.5,2.927,4.968,4.968,"PHE",4.53785,4.44547727272717
"1309",1309,65,46513,"77_W_2",2179.9,3.033,6.019,6.019,"PHE",5.58885,5.48276988636364
"1314",1314,70,46514,"86_E_2",2177.8,1.992,8.102,8.102,"PHE",7.67185,7.55206249999999
"1319",1319,75,46515,"86_E_2",2180.9,1.691,6.398,6.398,"PHE",5.96785,5.83435511363634
"1324",1324,80,46516,"86_E_2",2183.8,1.721,8.336,8.336,"PHE",7.90585,7.75864772727269
"1334",1334,90,46518,"83_K_2",2175.7,1.526,4.561,4.561,"PHE",4.13085,3.95623295454539
"1372",1372,20,46557,"10_W_2_R",2172.3,2.508,4.587,4.587,"PHE",4.15685,4.49416818181868
"1377",1377,25,46558,"10_W_2_R",2171.9,2.407,5.363,5.363,"PHE",4.93285,5.19691448863681
"1382",1382,30,46559,"10_W_2_R",2172.6,2.347,3.89,3.89,"PHE",3.45985,3.65066079545494
"1387",1387,35,46560,"04_E_2_R",2175.3,3.302,4.536,4.536,"PHE",4.10585,4.22340710227307
"1392",1392,40,46561,"04_E_2_R",2175.1,2.942,3.982,3.982,"PHE",3.55185,3.5961534090912
"1397",1397,45,46562,"04_E_2_R",2175.5,2.625,3.925,3.925,"PHE",3.49485,3.46589971590934
"1407",1407,55,46564,"22_K_3_R",2171.3,1.549,3.47,3.47,"PHE",3.03985,2.86439232954605
"1412",1412,60,46565,"22_K_3_R",2171.9,1.55,4.608,4.608,"PHE",4.17785,3.92913863636418
"1417",1417,65,46566,"22_K_3_R",2171.7,1.524,5.025,5.025,"PHE",4.59485,4.27288494318232
"1427",1427,75,46571,"86_W_3",2173.4,1.763,7.59,7.59,"PHE",7.15985,6.47161647727297
"1432",1432,80,46572,"86_W_3",2172.1,1.762,7.634,7.634,"PHE",7.20385,6.44236278409111
"1437",1437,85,46573,"86_W_3",2172.6,1.622,7.644,7.644,"PHE",7.21385,6.37910909090924
"1467",1467,20,46580,"77_E_3",2172.6,3.352,2.073,2.073,"PHE",1.64285,1.35587727272896
"1472",1472,25,46581,"77_E_3",2172.1,3.005,2.343,2.343,"PHE",1.91285,1.535457670456
"1477",1477,30,46582,"77_E_3",2171.7,2.824,2.243,2.243,"PHE",1.81285,1.34503806818304
"1482",1482,35,46583,"71_W_2",2169.6,2.134,8.015,8.015,"PHE",7.58485,7.02661846591008
"1487",1487,40,46584,"71_W_2",2169.2,1.784,7.607,7.607,"PHE",7.17685,6.52819886363712
"1492",1492,45,46585,"71_W_2",2168.2,1.725,7.655,7.655,"PHE",7.22485,6.48577926136507
"1502",1502,55,46587,"71_W_3",2174.2,2.911,2.948,2.948,"PHE",2.51785,1.59794005681915
"1507",1507,60,46588,"71_W_3",2173.2,2.618,3.938,3.938,"PHE",3.50785,2.49752045454619
"1512",1512,65,46589,"71_W_3",2173.8,2.553,4.794,4.794,"PHE",4.36385,3.26310085227323
"1517",1517,70,46590,"74_E_2",2173.2,2.44,6.822,6.822,"PHE",6.39185,5.20068125000118
"1522",1522,75,46591,"74_E_2",2173.4,2.349,6.408,6.408,"PHE",5.97785,4.69626164772822
"1527",1527,80,46592,"74_E_2",2171.5,2.342,7.024,7.024,"PHE",6.59385,5.22184204545526
"1537",1537,90,46594,"77_K_2",2175.3,2.95,6.605,6.605,"PHE",6.17485,4.62200284090934
"1542",1542,95,46595,"77_K_2",2172.8,2.398,6.286,6.286,"PHE",5.85585,4.21258323863729
"1547",1547,100,46596,"77_K_2",2171.9,2.282,6.799,6.799,"PHE",6.36885,4.63516363636434
"1577",1577,20,46805,"71_K_2",2176.7,3.717,3.956,3.956,"PHE",3.52585,3.31058181818108
"1582",1582,25,46806,"71_K_2",2193.5,3.754,3.706,3.706,"PHE",3.27585,3.19697613636245
"1587",1587,30,46807,"71_K_2",2182.4,3.59,3.631,3.631,"PHE",3.20085,3.25837045454473
"1592",1592,35,46808,"71_K_3",2173.8,2.619,3.196,3.196,"PHE",2.76585,2.95976477272611
"1597",1597,40,46809,"71_K_3",2174,2.475,2.479,2.479,"PHE",2.04885,2.37915909090839
"1602",1602,45,46810,"71_K_3",2173.2,2.272,3.192,3.192,"PHE",2.76185,3.22855340908977
"1612",1612,55,46812,"71_E_2",2181.3,4.034,3.062,3.062,"PHE",2.63185,3.37134204545342
"1617",1617,60,46813,"71_E_2",2181.5,3.906,3.639,3.639,"PHE",3.20885,4.0847363636348
"1622",1622,65,46814,"71_E_2",2182.4,3.683,4.541,4.541,"PHE",4.11085,5.12313068181708
"1627",1627,70,46815,"71_E_3",2180.1,2.443,2.759,2.759,"PHE",2.32885,3.47752499999845
"1632",1632,75,46816,"71_E_3",2188.6,2.291,3.206,3.206,"PHE",2.77585,4.06091931818074
"1637",1637,80,46817,"71_E_3",2219.8,2.08,3.067,3.067,"PHE",2.63685,4.05831363636211
"1672",1672,20,46827,"68_W_3",2177.4,4.083,3.369,3.369,"PHE",2.93885,3.27726818181727
"1677",1677,25,46828,"68_W_3",2178,3.836,3.589,3.589,"PHE",3.15885,3.57152073863528
"1682",1682,30,46829,"68_W_3",2178.6,3.628,3.984,3.984,"PHE",3.55385,4.04077329545374
"1687",1687,35,46830,"68_K_2",2178.2,3.956,1.827,1.827,"PHE",1.39685,1.95802585227175
"1692",1692,40,46831,"68_K_2",2177.8,3.671,1.686,1.686,"PHE",1.25585,1.89127840908976
"1697",1697,45,46832,"68_K_2",2178.4,3.263,1.439,1.439,"PHE",1.00885,1.71853096590823
"1707",1707,55,46834,"67_E_2",2178.8,2.994,2.528,2.528,"PHE",2.09785,2.9560360795447
"1712",1712,60,46835,"67_E_2",2180.3,2.655,1.008,1.008,"PHE",0.57785,1.51028863636271
"1717",1717,65,46836,"67_E_2",2181.3,2.57,0.764,0.764,"PHE",0.33385,1.34054119318117
"1722",1722,70,46837,"67_E_3",2184.7,3.044,3.612,3.612,"PHE",3.18185,4.26279374999918
"1727",1727,75,46838,"67_E_3",2188,2.854,3.413,3.413,"PHE",2.98285,4.13804630681719
"1732",1732,80,46839,"67_E_3",2189.3,2.782,2.502,2.502,"PHE",2.07185,3.30129886363566
"1742",1742,90,46841,"65_W_2",2221.5,2.982,5.188,5.188,"PHE",4.75785,6.13580397727213
"1747",1747,95,46842,"65_W_2",2279.4,2.801,3.163,3.163,"PHE",2.73285,4.18505653409014
"1752",1752,100,46843,"65_W_2",2352.1,2.795,1.424,1.424,"PHE",0.99385,2.52030909090861
"1782",1782,20,46849,"68_W_2",2176.3,3.716,3.759,3.759,"PHE",3.32885,3.76423181818157
"1787",1787,25,46850,"68_W_2",2176.3,3.543,2.985,2.985,"PHE",2.55485,2.96801051136336
"1792",1792,30,46851,"68_W_2",2176.3,3.503,3.342,3.342,"PHE",2.91185,3.30278920454538
"1797",1797,35,46852,"65_K_2",2179.7,4.517,5.133,5.133,"PHE",4.70285,5.07156789772717
"1802",1802,40,46853,"65_K_2",2179.2,3.926,3.865,3.865,"PHE",3.43485,3.78134659090896
"1807",1807,45,46854,"65_K_2",2179.5,3.544,4,4,"PHE",3.56985,3.89412528409075
"1817",1817,55,46856,"65_E_2",2181.8,2.781,2.551,2.551,"PHE",2.12085,2.40068267045456
"1822",1822,60,46857,"65_E_2",2182.4,2.407,3.061,3.061,"PHE",2.63085,2.88846136363635
"1827",1827,65,46858,"65_E_2",2186.6,2.365,2.455,2.455,"PHE",2.02485,2.26024005681814
"1862",1862,20,46871,"89_K_2_R",2174.4,3.193,4.06,4.06,"PHE",3.62985,3.81544999999993
"1873",1873,31,46872,"89_K_2_R",2174.4,3.138,3.601,3.601,"PHE",3.17085,3.33944687499995
"1878",1878,36,46873,"89_K_2_R",2174.6,3.07,3.998,3.998,"PHE",3.56785,3.71944374999998
"1883",1883,41,46874,"74_W_2_R",2173,2.719,5.829,5.829,"PHE",5.39885,5.53344062499989
"1888",1888,46,46875,"74_W_2_R",2173,2.483,4.308,4.308,"PHE",3.87785,3.99543749999992
"1893",1893,51,46876,"74_W_2_R",2173.4,2.378,4.332,4.332,"PHE",3.90185,4.00243437499994
"1903",1903,61,46878,"01_E_3_R",2179,3.53,2.563,2.563,"PHE",2.13285,2.19942812499988
"1908",1908,66,46879,"01_E_3_R",2180.1,3.056,3.915,3.915,"PHE",3.48485,3.53442499999991
"1913",1913,71,46880,"01_E_3_R",2181.5,3.025,3.33,3.33,"PHE",2.89985,2.93242187499994
"1918",1918,76,46881,"95_W_3",2180.3,1.707,4.1,4.1,"PHE",3.66985,3.68541874999996
"1923",1923,81,46882,"95_W_3",2184.1,1.61,5.81,5.81,"PHE",5.37985,5.37841562499987
"1928",1928,86,46883,"95_W_3",2189.1,1.57,4.992,4.992,"PHE",4.56185,4.5434124999999
"1938",1938,96,46885,"95_W_2",2198.9,1.387,3.841,3.841,"PHE",3.41085,3.35840624999995
"1943",1943,101,46886,"95_W_2",2203.1,1.316,5.134,5.134,"PHE",4.70385,4.63440312499987
"1977",1977,20,46893,"22_K_2",2172.1,2.395,5.192,5.192,"PHE",4.76185,4.78707727272562
"1982",1982,25,46894,"22_K_2",2171.9,2.362,6.203,6.203,"PHE",5.77285,5.74348267045305
"1987",1987,30,46895,"22_K_2",2172.1,2.295,4.582,4.582,"PHE",4.15185,4.06788806818047
"1992",1992,35,46896,"22_E_2",2171.7,2.448,1.918,1.918,"PHE",1.48785,1.3492934659079
"1997",1997,40,46897,"22_E_2",2172.3,2.408,3.333,3.333,"PHE",2.90285,2.70969886363533
"2002",2002,45,46898,"22_E_2",2171.9,2.262,3.174,3.174,"PHE",2.74385,2.4961042613623
"2012",2012,55,46900,"22_E_3",2175.7,3.333,2.859,2.859,"PHE",2.42885,2.07191505681716
"2017",2017,60,46901,"22_E_3",2175.7,2.852,1.738,1.738,"PHE",1.30785,0.896320454544582
"2022",2022,65,46903,"16_W_2",2176.5,2.192,3.47,3.47,"PHE",3.03985,2.51913124999944
"2027",2027,70,46904,"16_W_2",2176.9,1.936,4.646,4.646,"PHE",4.21585,3.64053664772641
"2032",2032,75,46905,"16_W_2",2178.4,1.843,6.347,6.347,"PHE",5.91685,5.28694204545384
"2042",2042,85,46907,"16_W_3",2185.9,2.35,6.28,6.28,"PHE",5.84985,5.11075284090869
"2047",2047,90,46908,"16_W_3",2188.9,2.088,6.049,6.049,"PHE",5.61885,4.82515823863612
"2052",2052,95,46909,"16_W_3",2193.5,2.08,6.376,6.376,"PHE",5.94585,5.09756363636354
"2082",2082,20,46915,"16_E_2",2170.7,2.213,3.677,3.677,"PHE",3.24685,3.31155454545435
"2087",2087,25,46916,"16_E_2",2171.3,2.182,3.264,3.264,"PHE",2.83385,2.87957784090887
"2092",2092,30,46917,"16_E_2",2170,2.16,3.763,3.763,"PHE",3.33285,3.35960113636351
"2097",2097,35,46918,"13_W_2_a",2170.9,2.076,3.478,3.478,"PHE",3.04785,3.05562443181803
"2102",2102,40,46919,"13_W_2_a",2171.3,1.907,3.44,3.44,"PHE",3.00985,2.99864772727255
"2107",2107,45,46920,"13_W_2_a",2171.1,1.749,3.03,3.03,"PHE",2.59985,2.56967102272707
"2117",2117,55,46922,"13_W_3_a",2173.2,1.574,2.266,2.266,"PHE",1.83585,1.76771761363622
"2122",2122,60,46923,"13_W_3_a",2173.2,1.349,3.315,3.315,"PHE",2.88485,2.79774090909074
"2127",2127,65,46924,"13_W_3_a",2175.5,1.276,4.582,4.582,"PHE",4.15185,4.04576420454526
"2132",2132,70,46925,"07_W_2",2176.3,1.447,3.533,3.533,"PHE",3.10285,2.97778749999978
"2137",2137,75,46926,"07_W_2",2178.8,1.336,3.658,3.658,"PHE",3.22785,3.0838107954543
"2142",2142,80,46927,"07_W_2",2180.9,1.276,4.51,4.51,"PHE",4.07985,3.91683409090893
"2177",2177,20,46937,"86_W_2",2175.5,4.737,3.702,3.702,"PHE",3.27185,3.38045434462383
"2182",2182,25,46938,"86_W_2",2176.1,4.564,3.711,3.711,"PHE",3.28085,3.33961671575824
"2187",2187,30,46939,"86_W_2",2175.5,4.429,4.122,4.122,"PHE",3.69185,3.7007790868922
"2192",2192,35,46940,"07_E_3",2172.6,2.981,2.608,2.608,"PHE",2.17785,2.13694145802616
"2197",2197,40,46941,"07_E_3",2172.6,2.788,2.818,2.818,"PHE",2.38785,2.29710382916011
"2202",2202,45,46942,"07_E_3",2172.8,2.644,3.177,3.177,"PHE",2.74685,2.60626620029407
"2212",2212,55,46944,"01_W_2",2179.5,3.781,2.889,2.889,"PHE",2.45885,2.21859094256244
"2217",2217,60,46945,"01_W_2",2180.5,3.482,4.241,4.241,"PHE",3.81085,3.52075331369639
"2222",2222,65,46946,"01_W_2",2182.2,3.473,4.442,4.442,"PHE",4.01185,3.67191568483035
"2227",2227,70,46947,"98_E_3",2179.9,1.563,7.307,7.307,"PHE",6.87685,6.4870780559643
"2232",2232,75,46948,"98_E_3",2184.9,1.443,5.578,5.578,"PHE",5.14785,4.70824042709826
"2237",2237,80,46949,"98_E_3",2192.4,1.397,6.854,6.854,"PHE",6.42385,5.93440279823267
"2277",2277,25,46966,"74_K_2",2175.1,1.593,4.065,4.065,"PHE",3.63485,2.8012187499994
"2282",2282,30,46967,"74_K_2",2175.5,1.621,5.769,5.769,"PHE",5.33885,4.41342471590887
"2287",2287,35,46968,"74_K_2",2175.3,1.693,4.927,4.927,"PHE",4.49685,3.47963068181744
"2297",2297,45,46970,"74_W_2",2179,1.973,5.832,5.832,"PHE",5.40185,4.20104261363638
"2302",2302,50,46971,"74_W_2",2184.3,1.922,6.196,6.196,"PHE",5.76585,4.47324857954495
"2307",2307,55,46972,"74_W_2",2189.5,1.98,6.11,6.11,"PHE",5.67985,4.29545454545442
"2337",2337,20,47257,"74_E_2",2378.2,8.216,3.842,3.842,"PHE",3.41185,3.53697272727226
"2342",2342,25,47258,"74_E_2",2378.2,7.786,2.853,2.853,"PHE",2.42285,2.65766420454563
"2347",2347,30,47259,"74_E_2",2377.2,7.62,2.641,2.641,"PHE",2.21085,2.5553556818181
"2352",2352,35,47260,"89_W_2_R",2374.9,4.802,2.177,2.177,"PHE",1.74685,2.20104715909056
"2357",2357,40,47262,"89_W_2_R",2374.2,4.418,0.981,0.981,"PHE",0.55085,1.2244301136364
"2367",2367,50,47264,"92_W_3",2375.1,5.07,1.249,1.249,"PHE",0.81885,1.71181306818132
"2372",2372,55,47265,"92_W_3",2374.4,4.619,0.934,0.934,"PHE",0.50385,1.50650454545469
"2377",2377,60,47266,"92_W_3",2384.7,6.949,6.131,6.131,"PHE",5.70085,6.81319602272716
"2390",2390,73,47269,"77_E_2",2377.4,4.907,4.089,4.089,"PHE",3.65885,5.10027045454546
"18",18,18,44827,"19_W_2",2057.2,6.329,24.418,24.418,"GLU",23.98785,25.1990615705667
"23",23,23,44828,"19_W_2",2057.4,6.006,24.61,24.61,"GLU",24.17985,25.3818400028722
"28",28,28,44829,"19_W_2",2057.6,5.886,25.049,25.049,"GLU",24.61885,25.7754029985028
"38",38,38,44831,"19_K_2",2058.9,6.034,24.362,24.362,"GLU",23.93185,24.9208963063939
"43",43,43,44832,"19_K_2",2059.3,5.708,25.295,25.295,"GLU",24.86485,25.85069600661
"48",48,48,44833,"19_K_2",2061.2,5.785,25.224,25.224,"GLU",24.79385,25.6943510240556
"53",53,53,44834,"19_K_3",2065.1,6.991,25.549,25.549,"GLU",25.11885,25.7382941084465
"58",58,58,44835,"19_K_3",2066,6.406,25.292,25.292,"GLU",24.86185,25.5061564730494
"63",63,63,44836,"19_K_3",2068.3,6.428,26.243,26.243,"GLU",25.81285,26.3841746595719
"73",73,73,44838,"19_E_2",2078.3,7.38,24.013,24.013,"GLU",23.58285,23.8703572536471
"78",78,78,44839,"19_E_2",2082.1,6.504,24.321,24.321,"GLU",23.89085,24.2416726497154
"82",82,82,44840,"19_E_2",2089,6.399,23.698,23.698,"GLU",23.26785,23.5674990546515
"111",111,19,44846,"22_W_2",2062.4,7.714,23.036,23.036,"GLU",22.60585,24.2026860144056
"116",116,24,44847,"22_W_2",2062.6,7.452,23.342,23.342,"GLU",22.91185,24.5732738148928
"121",121,29,44848,"22_W_2",2061.4,7.448,23.227,23.227,"GLU",22.79685,24.4895540581045
"126",126,34,44849,"22_W_3",2062.2,6.443,20.981,20.981,"GLU",20.55085,22.4263218140358
"131",131,39,44850,"22_W_3",2063.7,6.035,20.268,20.268,"GLU",19.83785,21.8183072598654
"136",136,44,44851,"22_W_3",2065.5,5.779,21.427,21.427,"GLU",20.99685,23.0592980346035
"146",146,54,44856,"22_K_3",2104.6,6.508,21.793,21.793,"GLU",21.36285,23.4424830491284
"151",151,59,44857,"22_K_3",2114.7,6.042,21.419,21.419,"GLU",20.98885,23.1831917505039
"156",156,64,44858,"22_K_3",2112.6,5.022,20.603,20.603,"GLU",20.17285,22.6284879096163
"191",191,19,44868,"22_W_3",2059.5,6.509,20.737,20.737,"GLU",20.30685,22.2320625383169
"196",196,24,44869,"22_W_3",2059.5,6.203,20.522,20.522,"GLU",20.09185,22.0919834239606
"201",201,29,44870,"22_W_3",2059.7,5.679,20.372,20.372,"GLU",19.94185,22.0669936250833
"206",206,34,44871,"22_K_3",2059.1,5.31,21.921,21.921,"GLU",21.49085,23.7209454535092
"211",211,39,44872,"22_K_3",2059.7,5.608,21.586,21.586,"GLU",21.15585,23.3384808351569
"216",216,44,44873,"22_K_3",2059.9,5.196,21.767,21.767,"GLU",21.33685,23.6370663163517
"256",256,19,44890,"16_K_2",2057.6,6.337,24.441,24.441,"GLU",24.01085,26.170132600045
"261",261,24,44891,"16_K_2",2056.6,5.864,23.671,23.671,"GLU",23.24085,25.5251608362682
"266",266,29,44892,"16_K_2",2057.8,5.835,23.574,23.574,"GLU",23.14385,25.4695403882429
"301",301,14,44912,"13_K_3",2056.6,4.821,20.585,20.585,"GLU",20.15485,22.3991192588593
"306",306,19,44913,"13_K_3",2055.1,4.458,21.058,21.058,"GLU",20.62785,22.9416204849082
"311",311,24,44914,"13_K_3",2056.1,4.296,20.977,20.977,"GLU",20.54685,22.8738963782809
"336",336,14,44930,"04_K_3",2060.9,8.088,24.553,24.553,"GLU",24.12285,25.5632998760719
"341",341,19,44931,"04_K_3",2060.7,7.584,24.951,24.951,"GLU",24.52085,25.9604632925985
"346",346,24,44932,"04_K_3",2060.1,7.238,24.542,24.542,"GLU",24.11185,25.5356669680923
"351",351,29,44933,"04_E_3",2057.2,4.954,21.814,21.814,"GLU",21.38385,23.1904044428517
"356",356,34,44934,"04_E_3",2057,4.601,21.859,21.859,"GLU",21.42885,23.2756618556962
"361",361,39,44935,"04_E_3",2057.2,4.274,21.502,21.502,"GLU",21.07185,22.9644962398877
"365",365,43,44940,"01_W_3",2064.3,7.286,23.264,23.264,"GLU",22.83385,23.7523399397573
"370",370,48,44941,"01_W_3",2067.6,7.314,22.809,22.809,"GLU",22.37885,23.2311448735948
"375",375,53,44942,"01_W_3",2069.1,7.191,23.355,23.355,"GLU",22.92485,23.7319897517013
"385",385,63,44944,"01_K_2",2081.4,6.191,22.366,22.366,"GLU",21.93585,22.7798719633503
"390",390,68,44945,"01_K_2",2088.5,5.933,23.118,23.118,"GLU",22.68785,23.5188918787467
"395",395,73,44946,"01_K_2",2096.1,6.016,22.177,22.177,"GLU",21.74685,22.4992810426781
"425",425,19,44952,"10_E_2",2049.2,2.618,22.333,22.333,"GLU",21.90285,25.2467958597789
"430",430,24,44953,"10_E_2",2049.9,2.555,22.049,22.049,"GLU",21.61885,24.9537945452059
"435",435,29,44954,"10_E_2",2049,2.43,21.836,21.836,"GLU",21.40585,24.7917660611749
"440",440,34,44955,"10_E_3",2055.9,4.673,23.486,23.486,"GLU",23.05585,25.1874208620689
"445",445,39,44956,"10_E_3",2055.3,4.252,23.325,23.325,"GLU",22.89485,25.1017660621122
"450",450,44,44957,"10_E_3",2055.3,4.034,23.999,23.999,"GLU",23.56885,25.794415533268
"460",460,54,44962,"07_K_2",2052.8,2.407,20.558,20.558,"GLU",20.12785,23.0346450041112
"465",465,59,44963,"07_K_2",2054.9,2.349,21.422,21.422,"GLU",20.99185,23.8932278771482
"470",470,64,44964,"07_K_2",2059.7,2.22,20.319,20.319,"GLU",19.88885,22.864209969751
"480",480,74,44966,"04_W_3",2083.7,9.065,24.609,24.609,"GLU",24.17885,24.8857525304892
"485",485,79,44967,"04_W_3",2090.2,8.075,23.882,23.882,"GLU",23.45185,24.1995406505455
"490",490,84,44968,"04_W_3",2098.4,7.899,23.938,23.938,"GLU",23.50785,24.2136487616353
"520",520,19,45193,"22_E_2_R",2063.9,8.463,23.915,23.915,"GLU",23.48485,24.7865894444949
"525",525,24,45194,"22_E_2_R",2063.2,7.852,23.554,23.554,"GLU",23.12385,24.3715248342385
"530",530,29,45195,"22_E_2_R",2063.9,7.563,24.516,24.516,"GLU",24.08585,25.2462444834983
"540",540,39,45200,"92_W_2",2062,7.415,22.479,22.479,"GLU",22.04885,22.6109859260444
"545",545,44,45201,"92_W_2",2061.8,6.856,23.054,23.054,"GLU",22.62385,23.1428348888565
"550",550,49,45202,"92_W_2",2061.6,6.283,23.173,23.173,"GLU",22.74285,23.2335786281875
"585",585,19,45869,"04_E_2",2076.4,16.344,22.935,22.935,"GLU",22.50485,23.6207635146984
"590",590,24,45870,"04_E_2",2077.7,15.217,23.122,23.122,"GLU",22.69185,23.7951328615351
"595",595,29,45871,"04_E_2",2076.6,13.719,23.988,23.988,"GLU",23.55785,24.6706495189442
"600",600,34,45872,"10_K_2",2056.6,3.817,21.676,21.676,"GLU",21.24585,23.6541910334704
"605",605,39,45873,"10_K_2",2057.4,3.59,22.423,22.423,"GLU",21.99285,24.451323941134
"610",610,44,45874,"10_K_2",2058.2,3.41,22.046,22.046,"GLU",21.61585,24.1116109206579
"620",620,54,45879,"07_E_2",2064.1,3.115,20.935,20.935,"GLU",20.50485,22.9033867422643
"625",625,59,45880,"07_E_2",2061.6,2.975,20.965,20.965,"GLU",20.53485,22.970023599991
"630",630,64,45881,"07_E_2",2063.9,2.817,19.773,19.773,"GLU",19.34285,21.8354908926573
"665",665,19,45891,"04_W_2",2071,12.018,22.707,22.707,"GLU",22.27685,23.6082488675448
"670",670,24,45892,"04_W_2",2070.1,11.152,23.255,23.255,"GLU",22.82485,24.0982583756814
"675",675,29,45893,"04_W_2",2069.9,10.184,22.94,22.94,"GLU",22.50985,23.7408358066602
"680",680,34,45894,"01_E_2",2072.7,11.778,23.879,23.879,"GLU",23.44885,24.4606013205078
"685",685,39,45895,"01_E_2",2072.7,11.438,23.859,23.859,"GLU",23.42885,24.3501760149681
"690",690,44,45896,"01_E_2",2073.3,11.803,24.034,24.034,"GLU",23.60385,24.3916352051524
"700",700,54,45898,"01_K_3",2070.6,8.203,23.694,23.694,"GLU",23.26385,24.1228619844726
"705",705,59,45899,"01_K_3",2074.7,7.942,23.727,23.727,"GLU",23.29685,24.0748315728991
"710",710,64,45900,"01_K_3",2078.3,7.706,23.024,23.024,"GLU",22.59385,23.289446225932
"715",715,69,45901,"98_W_2",2076.2,4.858,23.813,23.813,"GLU",23.38285,24.5009434933161
"720",720,74,45902,"98_W_2",2083.3,4.543,23.492,23.492,"GLU",23.06185,24.1628762159125
"725",725,79,45903,"98_W_2",2090.2,4.572,22.916,22.916,"GLU",22.48585,23.4664934165355
"735",735,89,45905,"98_K_2",2123.4,9.116,24.273,24.273,"GLU",23.84285,23.8295684078059
"740",740,94,45906,"98_K_2",2132.6,9.061,23.839,23.839,"GLU",23.40885,23.2894996974853
"745",745,99,45907,"98_K_2",2145.2,9.311,24.386,24.386,"GLU",23.95585,23.7021937340028
"775",775,19,45913,"98_E_2",2069.9,10.775,21.416,21.416,"GLU",20.98585,22.3036310217602
"780",780,24,45914,"98_E_2",2069.3,9.703,22.068,22.068,"GLU",21.63785,22.9579723020061
"785",785,29,45915,"98_E_2",2069.3,9.524,21.878,21.878,"GLU",21.44785,22.7036208401813
"790",790,34,45916,"10_W_2",2059.7,4.154,23.381,23.381,"GLU",22.95085,25.0777181671756
"795",795,39,45917,"10_W_2",2058.9,4.055,24.557,24.557,"GLU",24.12685,26.211628270974
"800",800,44,45918,"10_W_2",2059.9,3.929,24.889,24.889,"GLU",24.45885,26.5141567271017
"810",810,54,45920,"04_K_2",2081.8,12.313,24.342,24.342,"GLU",23.91185,24.5770378227002
"815",815,59,45921,"04_K_2",2086.9,11.829,24.339,24.339,"GLU",23.90885,24.5221062996067
"820",820,64,45922,"04_K_2",2093.1,11.599,24.066,24.066,"GLU",23.63585,24.183361666074
"825",825,69,45923,"01_E_3",2111.3,19.695,23.554,23.554,"GLU",23.12385,23.2813956348003
"830",830,74,45924,"01_E_3",2124.3,18.749,23.36,23.36,"GLU",22.92985,23.0317181882817
"835",835,79,45925,"01_E_3",2140.8,18.184,22.863,22.863,"GLU",22.43285,22.4704419937557
"845",845,89,45927,"13_K_2",2156.5,5.923,20.633,20.633,"GLU",20.20285,20.9743817624182
"850",850,94,45928,"13_K_2",2176.1,6.927,21.434,21.434,"GLU",21.00385,21.5215626851375
"855",855,99,45929,"13_K_2",2185.5,6.324,21.156,21.156,"GLU",20.72585,21.2627864219447
"885",885,19,45935,"13_E_2",2056.4,4.134,20.041,20.041,"GLU",19.61085,22.1112380218755
"890",890,24,45936,"13_E_2",2056.8,3.739,19.766,19.766,"GLU",19.33585,21.9123651232864
"895",895,29,45937,"13_E_2",2064.7,3.717,19.364,19.364,"GLU",18.93385,21.4350087807794
"900",900,34,45938,"13_E_3",2069.3,9.493,21.67,21.67,"GLU",21.23985,22.5291134310761
"905",905,39,45939,"13_E_3",2069.7,9.371,22.441,22.441,"GLU",22.01085,23.2256365849456
"910",910,44,45940,"13_E_3",2069.9,9.08,22.165,22.165,"GLU",21.73485,22.8910643336381
"950",950,19,45957,"95_K_2",2064.5,8.8,21.172,21.172,"GLU",20.74185,22.4863877560234
"955",955,24,45958,"95_K_2",2064.1,8.191,20.877,20.877,"GLU",20.44685,22.148982841507
"960",960,29,45959,"95_K_2",2063.9,8.128,20.407,20.407,"GLU",19.97685,21.579231320414
"965",965,34,45960,"95_E_2",2071.2,11.527,22.518,22.518,"GLU",22.08785,23.2978650617602
"970",970,39,45961,"95_E_2",2071.2,11.193,22.844,22.844,"GLU",22.41385,23.5381942509782
"975",975,44,45962,"95_E_2",2072.4,11.414,22.996,22.996,"GLU",22.56585,23.5691154732586
"985",985,54,45964,"95_E_3",2068.7,6.364,24.159,24.159,"GLU",23.72885,25.0463687199886
"990",990,59,45965,"95_E_3",2075.2,5.953,24.094,24.094,"GLU",23.66385,24.9509718332875
"995",995,64,45966,"95_E_3",2084.1,5.94,22.854,22.854,"GLU",22.42385,23.6066368654617
"1000",1000,69,45967,"13_W_3",2098.6,10.251,24.107,24.107,"GLU",23.67685,24.226129000218
"1005",1005,74,45968,"13_W_3",2109.9,10.452,23.929,23.929,"GLU",23.49885,23.9261826796836
"1010",1010,79,45969,"13_W_3",2125.1,10.035,23.926,23.926,"GLU",23.49585,23.8480671700769
"1020",1020,89,45971,"13_W_2",2157.9,10.876,23.982,23.982,"GLU",23.55185,23.6283427671059
"1025",1025,94,45972,"13_W_2",2170.7,10.475,24.751,24.751,"GLU",24.32085,24.3188700781575
"1030",1030,99,45973,"13_W_2",2189.5,12.637,19.208,19.208,"GLU",18.77785,18.5346463049898
"1060",1060,19,46460,"89_W_2",2069.1,11.767,22.606,22.606,"GLU",22.17585,23.4693468044639
"1065",1065,24,46461,"89_W_2",2070.1,11.908,22.597,22.597,"GLU",22.16685,23.4028607150689
"1070",1070,29,46462,"89_W_2",2069.1,10.676,23.104,23.104,"GLU",22.67385,23.9400472538448
"1075",1075,34,46463,"89_E_3",2078.5,15.73,22.475,22.475,"GLU",22.04485,23.007559604653
"1080",1080,39,46464,"89_E_3",2078.1,15.116,23.338,23.338,"GLU",22.90785,23.844252582667
"1085",1085,44,46465,"89_E_3",2078.5,15.03,23.724,23.724,"GLU",23.29385,24.1844348817554
"1095",1095,54,46467,"89_K_2",2075.2,12.934,23.165,23.165,"GLU",22.73485,23.6201330934748
"1100",1100,59,46468,"89_K_2",2077.9,12.905,23.381,23.381,"GLU",22.95085,23.7884571326679
"1105",1105,64,46469,"89_K_2",2076.2,12.623,23.392,23.392,"GLU",22.96185,23.7649245343092
"1110",1110,69,46470,"89_E_2",2079.1,13.145,23.049,23.049,"GLU",22.61885,23.3461589676479
"1115",1115,74,46471,"89_E_2",2082.1,12.881,23.058,23.058,"GLU",22.62785,23.319237589845
"1120",1120,79,46472,"89_E_2",2086.9,12.596,23.446,23.446,"GLU",23.01585,23.6729123855271
"1155",1155,19,46482,"92_E_2",2072,14.111,23.854,23.854,"GLU",23.42385,24.6404906332167
"1160",1160,24,46483,"92_E_2",2072,13.223,23.595,23.595,"GLU",23.16485,24.3718687680968
"1165",1165,29,46484,"92_E_2",2073.3,13.117,23.412,23.412,"GLU",22.98185,24.1435935380296
"1170",1170,34,46485,"89_W_3",2066.6,9.923,23.857,23.857,"GLU",23.42685,24.7393510931748
"1175",1175,39,46486,"89_W_3",2067.4,9.586,24.539,24.539,"GLU",24.10885,25.3988661429576
"1180",1180,44,46487,"89_W_3",2068.1,9.369,24.321,24.321,"GLU",23.89085,25.1493457558281
"1190",1190,54,46489,"93_K_2",2084.4,18.492,23.588,23.588,"GLU",23.15785,23.8711487474138
"1195",1195,59,46490,"93_K_2",2086.4,18.131,23.257,23.257,"GLU",22.82685,23.499609867182
"1200",1200,64,46491,"93_K_2",2092.5,18.156,23.249,23.249,"GLU",22.81885,23.4404359177862
"1205",1205,69,46492,"84_W_2",2083.9,6.825,23.146,23.146,"GLU",22.71585,24.0207395430802
"1210",1210,74,46493,"84_W_2",2097.3,6.465,22.928,22.928,"GLU",22.49785,23.8108977903973
"1215",1215,79,46494,"84_W_2",2108.4,6.266,22.318,22.318,"GLU",21.88785,23.1853568078149
"1225",1225,89,46496,"80_W_2",2135.8,3.796,21.285,21.285,"GLU",20.85485,22.7398596661978
"1230",1230,94,46497,"80_W_2",2145.6,3.427,20.985,20.985,"GLU",20.55485,22.5647120248416
"1234",1234,98,46498,"80_W_2",2155.6,3.198,18.505,18.505,"GLU",18.07485,20.1607029930733
"1263",1263,19,46504,"77_W_3",2068.3,10.773,21.817,21.817,"GLU",21.38685,22.9442114375898
"1268",1268,24,46505,"77_W_3",2067.8,10.157,21.721,21.721,"GLU",21.29085,22.9052541245758
"1273",1273,29,46506,"77_W_3",2067.4,9.844,21.394,21.394,"GLU",20.96385,22.6149323477778
"1278",1278,34,46507,"80_K_2",2075,14.216,23.17,23.17,"GLU",22.73985,24.144497192731
"1283",1283,39,46508,"80_K_2",2075.4,13.06,22.93,22.93,"GLU",22.49985,23.969703583671
"1288",1288,44,46509,"80_K_2",2075,12.128,23.684,23.684,"GLU",23.25385,24.784996653927
"1298",1298,54,46511,"77_W_2",2077.3,12.548,22.989,22.989,"GLU",22.55885,24.0904797923527
"1303",1303,59,46512,"77_W_2",2076.8,12.39,23.272,23.272,"GLU",22.84185,24.3938039878623
"1308",1308,64,46513,"77_W_2",2078.1,12.933,23.257,23.257,"GLU",22.82685,24.3620485008765
"1313",1313,69,46514,"86_E_2",2073.1,9.01,23.717,23.717,"GLU",23.28685,25.1059237220351
"1318",1318,74,46515,"86_E_2",2076.4,7.876,24.502,24.502,"GLU",24.07185,26.0244519072306
"1323",1323,79,46516,"86_E_2",2080.2,8.038,23.903,23.903,"GLU",23.47285,25.4180183308388
"1333",1333,89,46518,"83_K_2",2062.8,4.151,21.05,21.05,"GLU",20.61985,23.3911860382043
"1338",1338,94,46519,"83_K_2",2069.1,3.895,20.228,20.228,"GLU",19.79785,22.681518286583
"1342",1342,98,46520,"83_K_2",2083.9,3.591,18.969,18.969,"GLU",18.53885,21.5698699247747
"1371",1371,19,46557,"10_W_2_R",2064.3,9.926,24.217,24.217,"GLU",23.78685,25.3800472037286
"1376",1376,24,46558,"10_W_2_R",2063.9,9.61,23.902,23.902,"GLU",23.47185,25.0272205010101
"1381",1381,29,46559,"10_W_2_R",2064.3,9.253,23.292,23.292,"GLU",22.86185,24.3846683923091
"1386",1386,34,46560,"04_E_2_R",2072.2,14.437,23.294,23.294,"GLU",22.86385,24.0040933057408
"1391",1391,39,46561,"04_E_2_R",2072,13.735,23.498,23.498,"GLU",23.06785,24.1747049112768
"1396",1396,44,46562,"04_E_2_R",2072.2,12.758,23.623,23.623,"GLU",23.19285,24.2831876424646
"1406",1406,54,46564,"22_K_3_R",2063.7,7.878,23.622,23.622,"GLU",23.19185,24.5387779232158
"1411",1411,59,46565,"22_K_3_R",2064.1,7.676,23.783,23.783,"GLU",23.35285,24.660727548845
"1416",1416,64,46566,"22_K_3_R",2063.9,7.367,23.627,23.627,"GLU",23.19685,24.4812085472714
"1426",1426,74,46571,"86_W_3",2064.5,7.008,22.361,22.361,"GLU",21.93085,22.9461174240629
"1431",1431,79,46572,"86_W_3",2063,6.977,22.794,22.794,"GLU",22.36385,23.3197240183686
"1436",1436,84,46573,"86_W_3",2063.2,6.329,22.116,22.116,"GLU",21.68585,22.683172081931
"1466",1466,19,46580,"77_E_3",2062,9.775,22.82,22.82,"GLU",22.38985,23.3444999797433
"1471",1471,24,46581,"77_E_3",2060.7,8.792,22.834,22.834,"GLU",22.40385,23.3981568622158
"1476",1476,29,46582,"77_E_3",2059.9,8.491,23.193,23.193,"GLU",22.76285,23.7385056493311
"1481",1481,34,46583,"71_W_2",2045.5,2.148,23.068,23.068,"GLU",22.63785,25.7321928327889
"1486",1486,39,46584,"71_W_2",2044.6,1.817,22.57,22.57,"GLU",22.13985,25.6363870999993
"1491",1491,44,46585,"71_W_2",2043.8,1.749,22.433,22.433,"GLU",22.00285,25.561002727486
"1501",1501,54,46587,"71_W_3",2065.3,9.726,23.522,23.522,"GLU",23.09185,23.703594406255
"1506",1506,59,46588,"71_W_3",2063.9,8.873,24.163,24.163,"GLU",23.73285,24.3721744553894
"1511",1511,64,46589,"71_W_3",2064.7,8.697,24.483,24.483,"GLU",24.05285,24.6601665096877
"1516",1516,69,46590,"74_E_2",2063.9,8.256,24.908,24.908,"GLU",24.47785,25.0824667601119
"1521",1521,74,46591,"74_E_2",2063.7,7.924,24.524,24.524,"GLU",24.09385,24.6871836569713
"1526",1526,79,46592,"74_E_2",2061.8,7.817,24.653,24.653,"GLU",24.22285,24.7795601541106
"1536",1536,89,46594,"77_K_2",2065.8,8.702,23.201,23.201,"GLU",22.77085,23.1298181422702
"1541",1541,94,46595,"77_K_2",2061.6,7.063,23.478,23.478,"GLU",23.04785,23.5567337005927
"1546",1546,99,46596,"77_K_2",2060.7,6.888,24.032,24.032,"GLU",23.60185,24.0873300227923
"1576",1576,19,46805,"71_K_2",2070.1,13.146,21.925,21.925,"GLU",21.49485,22.6046404379392
"1581",1581,24,46806,"71_K_2",2087.7,13.772,21.808,21.808,"GLU",21.37785,22.6101208752742
"1586",1586,29,46807,"71_K_2",2075.4,13.269,21.729,21.729,"GLU",21.29885,22.7067421647812
"1591",1591,34,46808,"71_K_3",2061.6,7.315,22.111,22.111,"GLU",21.68085,23.7235592560182
"1596",1596,39,46809,"71_K_3",2061.8,7.038,21.849,21.849,"GLU",21.41885,23.6530209107999
"1601",1601,44,46810,"71_K_3",2060.7,6.585,21.609,21.609,"GLU",21.17885,23.6357413312426
"1611",1611,54,46812,"71_E_2",2083.3,21.044,21.803,21.803,"GLU",21.37285,23.2907471203532
"1616",1616,59,46813,"71_E_2",2084.4,20.614,21.667,21.667,"GLU",21.23685,23.3162418736243
"1621",1621,64,46814,"71_E_2",2084.8,19.902,22.029,22.029,"GLU",21.59885,23.8467125217855
"1626",1626,69,46815,"71_E_3",2073.7,9.606,22.204,22.204,"GLU",21.77385,24.6331087342311
"1631",1631,74,46816,"71_E_3",2083.7,9.648,21.83,21.83,"GLU",21.39985,24.4075923834049
"1636",1636,79,46817,"71_E_3",2121.3,9.005,21.923,21.923,"GLU",21.49285,24.7104625113595
"1671",1671,19,46827,"68_W_3",2071.6,14.279,22.482,22.482,"GLU",22.05185,23.569346479831
"1676",1676,24,46828,"68_W_3",2072,13.863,22.054,22.054,"GLU",21.62385,23.2309077990588
"1681",1681,29,46829,"68_W_3",2072.4,13.2,22.101,22.101,"GLU",21.67085,23.3803239764672
"1686",1686,34,46830,"68_K_2",2070.6,12.442,22.613,22.613,"GLU",22.18285,24.0027133173099
"1691",1691,39,46831,"68_K_2",2070.1,11.911,22.523,22.523,"GLU",22.09285,24.0139993770975
"1696",1696,44,46832,"68_K_2",2070.4,10.906,22.666,22.666,"GLU",22.23585,24.2918965238409
"1706",1706,54,46834,"67_E_2",2069.3,9.121,22.395,22.395,"GLU",21.96485,24.3061468645538
"1711",1711,59,46835,"67_E_2",2070.1,8.308,22.604,22.604,"GLU",22.17385,24.6689433741093
"1716",1716,64,46836,"67_E_2",2071.4,8.278,22.476,22.476,"GLU",22.04585,24.6156429922481
"1721",1721,69,46837,"67_E_3",2081.4,13.009,22.731,22.731,"GLU",22.30085,24.5908822259781
"1726",1726,74,46838,"67_E_3",2085,12.327,23.481,23.481,"GLU",23.05085,25.4481033830202
"1731",1731,79,46839,"67_E_3",2086.7,11.511,22.15,22.15,"GLU",21.71985,24.2362175928538
"1741",1741,89,46841,"65_W_2",2127.8,15.001,22.99,22.99,"GLU",22.55985,25.0473515126475
"1746",1746,94,46842,"65_W_2",2193.5,15.117,22.394,22.394,"GLU",21.96385,24.5182416202425
"1751",1751,99,46843,"65_W_2",2272.2,16.505,22.251,22.251,"GLU",21.82085,24.3971380109876
"1781",1781,19,46849,"68_W_2",2070.4,13.655,22.842,22.842,"GLU",22.41185,24.0484872563165
"1786",1786,24,46850,"68_W_2",2070.1,13.06,22.534,22.534,"GLU",22.10385,23.7506572768524
"1791",1791,29,46851,"68_W_2",2070.1,12.806,22.235,22.235,"GLU",21.80485,23.4462081380694
"1796",1796,34,46852,"65_K_2",2078.3,17.894,23.547,23.547,"GLU",23.11685,24.5447846749314
"1801",1801,39,46853,"65_K_2",2076.8,15.696,23.053,23.053,"GLU",22.62285,24.103107765645
"1806",1806,44,46854,"65_K_2",2077.9,15.489,22.433,22.433,"GLU",22.00285,23.4723474134331
"1816",1816,54,46856,"65_E_2",2074.7,10.125,22.37,22.37,"GLU",21.93985,23.659197905554
"1821",1821,59,46857,"65_E_2",2075,8.479,21.318,21.318,"GLU",20.88785,22.7383757760174
"1826",1826,64,46858,"65_E_2",2080.4,8.984,22.12,22.12,"GLU",21.68985,23.4711048881433
"1861",1861,19,46871,"89_K_2_R",2066.6,13.12,20.154,20.154,"GLU",19.72385,21.1528311656968
"1872",1872,30,46872,"89_K_2_R",2066.6,12.93,20.043,20.043,"GLU",19.61285,21.0592956165514
"1877",1877,35,46873,"89_K_2_R",2066.4,12.655,19.49,19.49,"GLU",19.05985,20.5284533507291
"1882",1882,40,46874,"74_W_2_R",2064.1,10.09,23.555,23.555,"GLU",23.12485,24.7658353552729
"1887",1887,45,46875,"74_W_2_R",2063.7,9.263,24.414,24.414,"GLU",23.98385,25.7025436074838
"1892",1892,50,46876,"74_W_2_R",2063.9,9.089,25.178,25.178,"GLU",24.74785,26.490589573548
"1902",1902,60,46878,"01_E_3_R",2073.7,12.486,22.572,22.572,"GLU",22.14185,23.6592571725204
"1907",1907,65,46879,"01_E_3_R",2074.7,11.338,22.348,22.348,"GLU",21.91785,23.5104940946597
"1912",1912,70,46880,"01_E_3_R",2076.4,11.253,22.894,22.894,"GLU",22.46385,24.0699132376876
"1917",1917,75,46881,"95_W_3",2069.7,5.945,21.338,21.338,"GLU",20.90785,23.1177533875398
"1922",1922,80,46882,"95_W_3",2074.5,5.623,21.616,21.616,"GLU",21.18585,23.4706085843245
"1927",1927,85,46883,"95_W_3",2080.8,5.562,21.129,21.129,"GLU",20.69885,23.0050052170655
"1937",1937,95,46885,"95_W_2",2089,3.251,19.011,19.011,"GLU",18.58085,21.7215413575007
"1942",1942,100,46886,"95_W_2",2094,3.121,18.333,18.333,"GLU",17.90285,21.1283203540921
"1947",1947,105,46887,"95_W_2",2105.7,3.119,18.197,18.197,"GLU",17.76685,21.0015075811674
"1976",1976,19,46893,"22_K_2",2065.8,11.654,23.601,23.601,"GLU",23.17085,24.4635754948927
"1981",1981,24,46894,"22_K_2",2065.1,11.086,23.434,23.434,"GLU",23.00385,24.3127276621902
"1986",1986,29,46895,"22_K_2",2065.3,10.802,23.379,23.379,"GLU",22.94885,24.2570873419077
"1991",1991,34,46896,"22_E_2",2062.6,9.726,22.052,22.052,"GLU",21.62185,22.9920677017079
"1996",1996,39,46897,"22_E_2",2063,9.647,22.636,22.636,"GLU",22.20585,23.5627920975396
"2001",2001,44,46898,"22_E_2",2062.2,9.208,22.739,22.739,"GLU",22.30885,23.6845911319209
"2011",2011,54,46900,"22_E_3",2067,9.809,20.572,20.572,"GLU",20.14185,21.4255258022125
"2016",2016,59,46901,"22_E_3",2066.4,8.705,20.581,20.581,"GLU",20.15085,21.5153820944262
"2021",2021,64,46903,"16_W_2",2072.9,11.546,23.772,23.772,"GLU",23.34185,24.4420289854401
"2026",2026,69,46904,"16_W_2",2072.9,10.504,24.61,24.61,"GLU",24.17985,25.3300446466976
"2031",2031,74,46905,"16_W_2",2075,9.805,24.252,24.252,"GLU",23.82185,25.0062724473643
"2041",2041,84,46907,"16_W_3",2086.2,12.562,23.689,23.689,"GLU",23.25885,24.2210733500753
"2046",2046,89,46908,"16_W_3",2089.6,11.169,23.63,23.63,"GLU",23.19985,24.2244260189229
"2051",2051,94,46909,"16_W_3",2094.8,11.172,23.811,23.811,"GLU",23.38085,24.3853131310533
"2081",2081,19,46915,"16_E_2",2048.8,2.676,22.413,22.413,"GLU",21.98285,25.3005739713193
"2086",2086,24,46916,"16_E_2",2049.2,2.647,21.472,21.472,"GLU",21.04185,24.3757384150523
"2091",2091,29,46917,"16_E_2",2047.8,2.603,21.458,21.458,"GLU",21.02785,24.3909237731174
"2096",2096,34,46918,"13_W_2_a",2058.4,6.891,23.016,23.016,"GLU",22.58585,24.4297245237708
"2101",2101,39,46919,"13_W_2_a",2058.7,6.415,22.635,22.635,"GLU",22.20485,24.1188022229288
"2106",2106,44,46920,"13_W_2_a",2058.7,6.119,23.189,23.189,"GLU",22.75885,24.7188991832694
"2116",2116,54,46922,"13_W_3_a",2064.3,7.689,22.621,22.621,"GLU",22.19085,23.8947646271126
"2121",2121,59,46923,"13_W_3_a",2064.1,6.615,23.327,23.327,"GLU",22.89685,24.7478186194951
"2126",2126,64,46924,"13_W_3_a",2066.8,6.235,23.615,23.615,"GLU",23.18485,25.0941613779651
"2131",2131,69,46925,"07_W_2",2058,2.403,20.221,20.221,"GLU",19.79085,23.2759638444781
"2136",2136,74,46926,"07_W_2",2060.9,2.113,20.531,20.531,"GLU",20.10085,23.8929792660577
"2141",2141,79,46927,"07_W_2",2063.7,2.117,19.769,19.769,"GLU",19.33885,23.1188139775444
"2176",2176,19,46937,"86_W_2",2064.5,10.784,23.381,23.381,"GLU",22.95085,24.4949700433614
"2181",2181,24,46938,"86_W_2",2065.1,10.588,22.696,22.696,"GLU",22.26585,23.7931602578706
"2186",2186,29,46939,"86_W_2",2064.3,10.126,22.841,22.841,"GLU",22.41085,23.9420292396238
"2191",2191,34,46940,"07_E_3",2055.5,5.244,22.083,22.083,"GLU",21.65285,23.8241245105807
"2196",2196,39,46941,"07_E_3",2055.1,5.003,22.534,22.534,"GLU",22.10385,24.3063607264084
"2201",2201,44,46942,"07_E_3",2055.5,4.914,22.729,22.729,"GLU",22.29885,24.4948874184513
"2211",2211,54,46944,"01_W_2",2074.1,12.823,22.014,22.014,"GLU",21.58385,22.7912792504311
"2216",2216,59,46945,"01_W_2",2075,12.043,22.226,22.226,"GLU",21.79585,23.0149573815514
"2221",2221,64,46946,"01_W_2",2077.5,12.036,22.935,22.935,"GLU",22.50485,23.6936788448807
"2226",2226,69,46947,"98_E_3",2072,6.642,22.929,22.929,"GLU",22.49885,24.1754757361391
"2231",2231,74,46948,"98_E_3",2078.1,6.216,23.292,23.292,"GLU",22.86185,24.5813382619481
"2236",2236,79,46949,"98_E_3",2087.3,6.165,22.843,22.843,"GLU",22.41285,24.1110574912371
"2276",2276,24,46966,"74_K_2",2065.3,5.884,20.313,20.313,"GLU",19.88285,21.4041259831276
"2281",2281,29,46967,"74_K_2",2065.5,6.091,21.23,21.23,"GLU",20.79985,22.2381462079283
"2286",2286,34,46968,"74_K_2",2065.3,6.232,22.076,22.076,"GLU",21.64585,23.0154195518982
"2296",2296,44,46970,"74_W_2",2070.4,6.429,22.379,22.379,"GLU",21.94885,23.1984566979944
"2301",2301,49,46971,"74_W_2",2076.2,6.313,23.345,23.345,"GLU",22.91485,24.1422644646828
"2306",2306,54,46972,"74_W_2",2082.9,6.938,23.155,23.155,"GLU",22.72485,23.8073000559003
"2336",2336,19,47257,"74_E_2",2286.5,32.604,23.88,23.88,"GLU",23.44985,24.1010833580798
"2341",2341,24,47258,"74_E_2",2286.5,31.079,23.719,23.719,"GLU",23.28885,24.1139348254439
"2346",2346,29,47259,"74_E_2",2285.2,31.013,23.746,23.746,"GLU",23.31585,24.2995900731575
"2351",2351,34,47260,"89_W_2_R",2274.3,10.885,21.561,21.561,"GLU",21.13085,22.8125885056556
"2356",2356,39,47262,"89_W_2_R",2273.5,10.283,21.386,21.386,"GLU",20.95585,22.9968099759
"2366",2366,49,47264,"92_W_3",2281.4,23.174,22.319,22.319,"GLU",21.88885,23.7726702681943
"2371",2371,54,47265,"92_W_3",2281,22.047,22.123,22.123,"GLU",21.69285,23.7560451656451
"2376",2376,59,47266,"92_W_3",2291.5,20.398,21.888,21.888,"GLU",21.45785,23.7140610005547
"2384",2384,67,47268,"77_E_2",2285,32.664,19.641,19.641,"GLU",19.21085,21.5987744781572
"2389",2389,72,47269,"77_E_2",2285,22.647,22.26,22.26,"GLU",21.82985,24.5131402600585
"2399",2399,82,47271,"07_K_2",2287.5,30.396,20.03,20.03,"GLU",19.59985,22.4856769732996
"2404",2404,87,47272,"07_K_2",2292.1,23.33,22.163,22.163,"GLU",21.73285,24.8773301610011
"2409",2409,92,47273,"07_K_2",2291.1,32.946,19.883,19.883,"GLU",19.45285,22.6276600253681
