Row,Analysis,Date,Identifier 1,Identifier 2,Comment,Amount,Gasconfiguration,Peak Nr,Is Ref _,Rt,Width,BGD 28,Ampl  28,rArea 28,Area 28,BGD 29,Ampl  29,rArea 29,Area 29,rR 29N2/28N2,R 29N2/28N2,rd 29N2/28N2,d 29N2/28N2,R 15N/14N,d 15N/14N,BGD 44,Ampl  44,rArea 44,Area 44,BGD 45,Ampl  45,rArea 45,Area 45,BGD 46,Ampl  46,Area 46,rArea 46,rR 45CO2/44CO2,R 45CO2/44CO2,rd 45CO2/44CO2,d 45CO2/44CO2,rR 46CO2/44CO2,R 46CO2/44CO2,rd 46CO2/44CO2,d 46CO2/44CO2,R 13C/12C,d 13C/12C,R 18O/16O,d 18O/16O
1,47531,03/29/24,CONDITIONER,F2,DUMMY,0.58,N2,1,1,47.4,25.9,21.4,903,16624,16.624,13.6,593,10919,0.12,0.6568347,0.0073564,0,0,0.0036782,0,,,,,,,,,,,,,,,,,,,,,,,,
1,47531,03/29/24,CONDITIONER,F2,DUMMY,0.58,N2,2,0,216.9,86.7,25.9,3336,76970,76.97,16.5,2218,51144,0.563,0.6644589,0.0074418,11.607,11.607,0.0037209,11.607,,,,,,,,,,,,,,,,,,,,,,,,
1,47531,03/29/24,CONDITIONER,F2,DUMMY,0.58,CO2,3,0,371.8,100.3,,,,,,,,,,,,,,,0.3,5409,140554,140.554,-0.2,5557,143835,1.582,1.4,7767,0.606,201986,1.0233427,0.0118673,-9.81,-9.81,1.4370675,0.0040043,-3.796,-3.796,0.0110642,-10.375,0.0019976,-3.777
1,47531,03/29/24,CONDITIONER,F2,DUMMY,0.58,CO2,4,1,525.4,38.2,,,,,,,,,,,,,,,2.4,4203,77319,77.319,2.0,4342,79908,0.879,4.5,6061,0.335,111536,1.033481,0.0119849,0,0,1.4425432,0.0040196,0,0,0.0111802,0,0.0020052,0
2,47532,03/29/24,BLANK,F3,BLANK,0,N2,1,1,47.4,25.9,22.2,904,16672,16.672,14.3,595,10962,0.121,0.6575312,0.0073564,0,0,0.0036782,0,,,,,,,,,,,,,,,,,,,,,,,,
2,47532,03/29/24,BLANK,F3,BLANK,0,CO2,2,1,525.2,38.2,,,,,,,,,,,,,,,0.6,4197,77810,77.81,0.1,4339,80477,0.885,1.7,6051,0.337,112232,1.0342695,0.0119849,0,0,1.4423766,0.0040196,0,0,0.0111802,0,0.0020052,0
3,47533,03/29/24,GA1_QTY_1,F4,QTY,0.342,N2,1,1,47.4,25.9,21.9,903,16639,16.639,14.0,593,10934,0.12,0.6571299,0.0073564,0,0,0.0036782,0,,,,,,,,,,,,,,,,,,,,,,,,
3,47533,03/29/24,GA1_QTY_1,F4,QTY,0.342,N2,2,0,216.9,80.5,26.2,1530,35271,35.271,16.7,1002,23077,0.254,0.6542718,0.0073244,-4.349,-4.349,0.0036622,-4.349,,,,,,,,,,,,,,,,,,,,,,,,
3,47533,03/29/24,GA1_QTY_1,F4,QTY,0.342,CO2,3,0,374.9,93.4,,,,,,,,,,,,,,,0.6,2881,73831,73.831,0.1,2941,75218,0.827,1.9,4143,0.319,106275,1.0187874,0.0117873,-16.484,-16.484,1.4394388,0.0040128,-1.672,-1.672,0.0109833,-17.609,0.0020019,-1.635
3,47533,03/29/24,GA1_QTY_1,F4,QTY,0.342,CO2,4,1,525.4,38.9,,,,,,,,,,,,,,,1.7,4195,77825,77.825,1.2,4345,80616,0.887,3.3,6048,0.337,112212,1.0358621,0.0119849,0,0,1.4418503,0.0040196,0,0,0.0111802,0,0.0020052,0
4,47534,03/29/24,GA1_QTY_2,F5,QTY,0.45,N2,1,1,47.4,25.9,21.8,894,16439,16.439,14.0,587,10804,0.119,0.6572004,0.0073564,0,0,0.0036782,0,,,,,,,,,,,,,,,,,,,,,,,,
4,47534,03/29/24,GA1_QTY_2,F5,QTY,0.45,N2,2,0,216.7,78.8,26.4,2045,46389,46.389,16.9,1339,30349,0.334,0.654229,0.0073231,-4.521,-4.521,0.0036616,-4.521,,,,,,,,,,,,,,,,,,,,,,,,
4,47534,03/29/24,GA1_QTY_2,F5,QTY,0.45,CO2,3,0,373.5,95.3,,,,,,,,,,,,,,,0.7,3802,96613,96.613,0.2,3886,98475,1.083,2.0,5461,0.417,138949,1.0192728,0.0117902,-16.24,-16.24,1.4381931,0.0040099,-2.394,-2.394,0.0109865,-17.321,0.0020005,-2.357
4,47534,03/29/24,GA1_QTY_2,F5,QTY,0.45,CO2,4,1,525.4,40.1,,,,,,,,,,,,,,,2.0,4200,77927,77.927,1.5,4351,80740,0.888,3.8,6055,0.337,112343,1.0360992,0.0119849,0,0,1.4416437,0.0040196,0,0,0.0111802,0,0.0020052,0
5,47535,03/29/24,GA1_QTY_3,F6,QTY,0.577,N2,1,1,38.5,25.9,22.3,900,16606,16.606,14.3,591,10911,0.12,0.6570184,0.0073564,0,0,0.0036782,0,,,,,,,,,,,,,,,,,,,,,,,,
5,47535,03/29/24,GA1_QTY_3,F6,QTY,0.577,N2,2,0,216.7,83.6,26.5,2592,59212,59.212,17.0,1697,38729,0.426,0.6540745,0.0073234,-4.481,-4.481,0.0036617,-4.481,,,,,,,,,,,,,,,,,,,,,,,,
5,47535,03/29/24,GA1_QTY_3,F6,QTY,0.577,CO2,3,0,372.2,98.6,,,,,,,,,,,,,,,0.8,4796,123126,123.126,0.3,4907,125579,1.381,2.1,6883,0.531,176949,1.019927,0.0117878,-16.44,-16.44,1.4371404,0.0040077,-2.947,-2.947,0.0109844,-17.515,0.0019994,-2.911
5,47535,03/29/24,GA1_QTY_3,F6,QTY,0.577,CO2,4,1,525.4,38.5,,,,,,,,,,,,,,,2.3,4196,77838,77.838,1.8,4350,80716,0.888,4.3,6046,0.337,112195,1.0369747,0.0119849,0,0,1.4413882,0.0040196,0,0,0.0111802,0,0.0020052,0
6,47536,03/29/24,GA1_STD_01,F7,STD,0.443,N2,1,1,47.4,25.9,22.5,900,16583,16.583,14.5,591,10894,0.12,0.6569276,0.0073564,0,0,0.0036782,0,,,,,,,,,,,,,,,,,,,,,,,,
6,47536,03/29/24,GA1_STD_01,F7,STD,0.443,N2,2,0,216.3,81.9,26.9,2010,45205,45.205,17.3,1316,29562,0.325,0.6539492,0.007323,-4.534,-4.534,0.0036615,-4.534,,,,,,,,,,,,,,,,,,,,,,,,
6,47536,03/29/24,GA1_STD_01,F7,STD,0.443,CO2,3,0,373.3,96.3,,,,,,,,,,,,,,,0.9,3777,95433,95.433,0.5,3869,97498,1.072,2.4,5428,0.412,137315,1.0216417,0.0117925,-16.05,-16.05,1.4388712,0.0040135,-1.51,-1.51,0.0109885,-17.151,0.0020022,-1.473
6,47536,03/29/24,GA1_STD_01,F7,STD,0.443,CO2,4,1,525.4,39.1,,,,,,,,,,,,,,,2.1,4200,77931,77.931,1.6,4361,80916,0.89,4.0,6051,0.337,112302,1.0383068,0.0119849,0,0,1.4410474,0.0040196,0,0,0.0111802,0,0.0020052,0
7,47537,03/29/24,GA2_STD_01,F8,STD,0.452,N2,1,1,38.7,25.9,22.7,901,16605,16.605,14.6,592,10916,0.12,0.6573906,0.0073564,0,0,0.0036782,0,,,,,,,,,,,,,,,,,,,,,,,,
7,47537,03/29/24,GA2_STD_01,F8,STD,0.452,N2,2,0,216.5,81.7,26.9,2079,46789,46.789,17.3,1360,30590,0.336,0.6537991,0.0073162,-5.463,-5.463,0.0036581,-5.463,,,,,,,,,,,,,,,,,,,,,,,,
7,47537,03/29/24,GA2_STD_01,F8,STD,0.452,CO2,3,0,373.5,95.5,,,,,,,,,,,,,,,0.9,3833,97412,97.412,0.4,3983,100963,1.111,2.3,5509,0.421,140183,1.0364445,0.0119054,-6.629,-6.629,1.4390703,0.0040171,-0.611,-0.611,0.011101,-7.084,0.002004,-0.596
7,47537,03/29/24,GA2_STD_01,F8,STD,0.452,CO2,4,1,525.4,39.3,,,,,,,,,,,,,,,2.2,4282,79594,79.594,1.7,4466,83046,0.914,4.1,6164,0.344,114612,1.0433614,0.0119849,0,0,1.4399498,0.0040196,0,0,0.0111802,0,0.0020052,0
8,47538,03/29/24,SAL_STD_01,F9,STD,0.459,N2,1,1,47.4,25.9,22.9,901,16608,16.608,14.7,592,10918,0.12,0.6573837,0.0073564,0,0,0.0036782,0,,,,,,,,,,,,,,,,,,,,,,,,
8,47538,03/29/24,SAL_STD_01,F9,STD,0.459,N2,2,0,216.5,83,27.4,2696,60240,60.24,17.7,1795,40057,0.441,0.6649574,0.0074412,11.521,11.521,0.0037206,11.521,,,,,,,,,,,,,,,,,,,,,,,,
8,47538,03/29/24,SAL_STD_01,F9,STD,0.459,CO2,3,0,372,96.6,,,,,,,,,,,,,,,0.9,4355,109705,109.705,0.4,4504,112967,1.243,2.3,6256,0.473,157829,1.0297411,0.0118701,-9.573,-9.573,1.4386691,0.0040142,-1.339,-1.339,0.011066,-10.213,0.0020026,-1.318
8,47538,03/29/24,SAL_STD_01,F9,STD,0.459,CO2,4,1,525.4,38.9,,,,,,,,,,,,,,,2.2,4202,77939,77.939,1.8,4368,81033,0.891,4.2,6053,0.337,112279,1.039694,0.0119849,0,0,1.4405982,0.0040196,0,0,0.0111802,0,0.0020052,0
9,47539,03/29/24,GLU_3,F10,SAMPLE,0.466,N2,1,1,47.4,25.9,23.4,899,16573,16.573,15.1,591,10885,0.12,0.6568097,0.0073564,0,0,0.0036782,0,,,,,,,,,,,,,,,,,,,,,,,,
9,47539,03/29/24,GLU_3,F10,SAMPLE,0.466,N2,2,0,216.5,81.5,27.8,2162,48314,48.314,17.9,1418,31641,0.348,0.6549103,0.0073351,-2.892,-2.892,0.0036676,-2.892,,,,,,,,,,,,,,,,,,,,,,,,
9,47539,03/29/24,GLU_3,F10,SAMPLE,0.466,CO2,3,0,372.9,94.5,,,,,,,,,,,,,,,0.9,4012,100751,100.751,0.4,4113,103002,1.133,2.4,5768,0.435,145029,1.022349,0.0117796,-17.127,-17.127,1.4394854,0.0040171,-0.619,-0.619,0.0109752,-18.338,0.002004,-0.579
9,47539,03/29/24,GLU_3,F10,SAMPLE,0.466,CO2,4,1,525.4,39.1,,,,,,,,,,,,,,,2.1,4202,77984,77.984,1.7,4371,81116,0.892,4.1,6053,0.337,112327,1.0401635,0.0119849,0,0,1.4403775,0.0040196,0,0,0.0111802,0,0.0020052,0
10,47540,03/29/24,GLU_4,F11,SAMPLE,0.461,N2,1,1,47.4,25.9,24.4,900,16586,16.586,15.8,592,10901,0.12,0.657241,0.0073564,0,0,0.0036782,0,,,,,,,,,,,,,,,,,,,,,,,,
10,47540,03/29/24,GLU_4,F11,SAMPLE,0.461,N2,2,0,216.3,81.3,29.1,2143,47846,47.846,18.7,1407,31364,0.345,0.6555193,0.0073371,-2.62,-2.62,0.0036686,-2.62,,,,,,,,,,,,,,,,,,,,,,,,
10,47540,03/29/24,GLU_4,F11,SAMPLE,0.461,CO2,3,0,372.9,94.9,,,,,,,,,,,,,,,0.9,3960,99347,99.347,0.4,4065,101672,1.118,2.4,5693,0.429,143012,1.0234042,0.0117769,-17.35,-17.35,1.4395197,0.0040179,-0.401,-0.401,0.0109724,-18.585,0.0020045,-0.36
10,47540,03/29/24,GLU_4,F11,SAMPLE,0.461,CO2,4,1,525.4,38.9,,,,,,,,,,,,,,,2.1,4203,77971,77.971,1.7,4377,81205,0.893,4.2,6051,0.337,112286,1.0414732,0.0119849,0,0,1.4400974,0.0040196,0,0,0.0111802,0,0.0020052,0
11,47541,03/29/24,GLU_5,F12,SAMPLE,0.474,N2,1,1,47.4,25.9,26.5,898,16569,16.569,17.1,590,10881,0.12,0.6566618,0.0073564,0,0,0.0036782,0,,,,,,,,,,,,,,,,,,,,,,,,
11,47541,03/29/24,GLU_5,F12,SAMPLE,0.474,N2,2,0,216.1,79.6,31.5,1973,44013,44.013,20.3,1293,28818,0.317,0.6547512,0.007335,-2.91,-2.91,0.0036675,-2.91,,,,,,,,,,,,,,,,,,,,,,,,
11,47541,03/29/24,GLU_5,F12,SAMPLE,0.474,CO2,3,0,373.3,94.1,,,,,,,,,,,,,,,0.9,3673,91890,91.89,0.4,3771,94096,1.035,2.5,5281,0.397,132316,1.0239983,0.0117802,-17.079,-17.079,1.43993,0.0040194,-0.027,-0.027,0.0109755,-18.308,0.0020052,0.014
11,47541,03/29/24,GLU_5,F12,SAMPLE,0.474,CO2,4,1,525.4,38.5,,,,,,,,,,,,,,,2.0,4204,78002,78.002,1.6,4380,81262,0.894,4.2,6054,0.337,112320,1.0417906,0.0119849,0,0,1.4399691,0.0040196,0,0,0.0111802,0,0.0020052,0
12,47542,03/29/24,GLU_6,G1,SAMPLE,0.439,N2,1,1,47.4,25.9,30.3,898,16548,16.548,19.6,589,10865,0.12,0.6566109,0.0073564,0,0,0.0036782,0,,,,,,,,,,,,,,,,,,,,,,,,
12,47542,03/29/24,GLU_6,G1,SAMPLE,0.439,N2,2,0,216.7,81.3,35.5,1997,45272,45.272,22.9,1309,29638,0.326,0.6546775,0.0073347,-2.944,-2.944,0.0036674,-2.944,,,,,,,,,,,,,,,,,,,,,,,,
12,47542,03/29/24,GLU_6,G1,SAMPLE,0.439,CO2,3,0,373.5,94.3,,,,,,,,,,,,,,,0.9,3715,94068,94.068,0.4,3816,96377,1.06,2.8,5340,0.406,135400,1.0245513,0.0117798,-17.108,-17.108,1.4393923,0.0040185,-0.263,-0.263,0.0109753,-18.331,0.0020048,-0.223
12,47542,03/29/24,GLU_6,G1,SAMPLE,0.439,CO2,4,1,525.4,38.7,,,,,,,,,,,,,,,2.0,4205,78002,78.002,1.6,4383,81308,0.894,4.4,6054,0.337,112305,1.0423847,0.0119849,0,0,1.4397715,0.0040196,0,0,0.0111802,0,0.0020052,0
13,47543,03/29/24,GLU_7,G2,SAMPLE,0.461,N2,1,1,47.4,25.9,36.7,899,16558,16.558,23.8,591,10882,0.12,0.6571896,0.0073564,0,0,0.0036782,0,,,,,,,,,,,,,,,,,,,,,,,,
13,47543,03/29/24,GLU_7,G2,SAMPLE,0.461,N2,2,0,216.3,77.7,43.0,2154,47944,47.944,27.9,1413,31416,0.346,0.6552666,0.0073349,-2.926,-2.926,0.0036674,-2.926,,,,,,,,,,,,,,,,,,,,,,,,
13,47543,03/29/24,GLU_7,G2,SAMPLE,0.461,CO2,3,0,372.9,94.3,,,,,,,,,,,,,,,0.9,3992,99870,99.87,0.4,4105,102373,1.126,3.0,5736,0.431,143707,1.0250587,0.0117781,-17.252,-17.252,1.4389358,0.0040178,-0.441,-0.441,0.0109736,-18.479,0.0020044,-0.4
13,47543,03/29/24,GLU_7,G2,SAMPLE,0.461,CO2,4,1,525.4,38.9,,,,,,,,,,,,,,,2.2,4209,78082,78.082,1.8,4390,81444,0.896,5.1,6058,0.337,112405,1.0430537,0.0119849,0,0,1.4395707,0.0040196,0,0,0.0111802,0,0.0020052,0
14,47544,03/29/24,GLU_8,G3,SAMPLE,0.451,N2,1,1,47.4,25.9,46.8,899,16580,16.58,30.5,591,10897,0.12,0.6572006,0.0073564,0,0,0.0036782,0,,,,,,,,,,,,,,,,,,,,,,,,
14,47544,03/29/24,GLU_8,G3,SAMPLE,0.451,N2,2,0,216.3,79.6,53.5,2094,46535,46.535,34.8,1374,30492,0.335,0.6552511,0.0073346,-2.966,-2.966,0.0036673,-2.966,,,,,,,,,,,,,,,,,,,,,,,,
14,47544,03/29/24,GLU_8,G3,SAMPLE,0.451,CO2,3,0,372.9,93.8,,,,,,,,,,,,,,,0.9,3894,97167,97.167,0.5,4006,99650,1.096,3.6,5597,0.42,139857,1.0255629,0.0117797,-17.12,-17.12,1.4393486,0.0040194,-0.041,-0.041,0.010975,-18.352,0.0020052,0
14,47544,03/29/24,GLU_8,G3,SAMPLE,0.451,CO2,4,1,524.4,38.7,,,,,,,,,,,,,,,2.1,4195,78046,78.046,1.7,4378,81435,0.896,5.7,6038,0.337,112340,1.043426,0.0119849,0,0,1.4394084,0.0040196,0,0,0.0111802,0,0.0020052,0
15,47545,03/29/24,GLU_9,G4,SAMPLE,0.451,N2,1,1,44.1,25.9,61.5,909,16598,16.598,40.1,597,10907,0.12,0.657133,0.0073564,0,0,0.0036782,0,,,,,,,,,,,,,,,,,,,,,,,,
15,47545,03/29/24,GLU_9,G4,SAMPLE,0.451,N2,2,0,216.3,79.8,69.0,2113,47010,47.01,44.9,1387,30807,0.339,0.6553301,0.0073362,-2.744,-2.744,0.0036681,-2.744,,,,,,,,,,,,,,,,,,,,,,,,
15,47545,03/29/24,GLU_9,G4,SAMPLE,0.451,CO2,3,0,373.1,93.8,,,,,,,,,,,,,,,0.9,3902,97278,97.278,0.5,4016,99782,1.098,4.3,5607,0.42,140015,1.0257416,0.0117762,-17.407,-17.407,1.4393354,0.0040198,0.052,0.052,0.0109715,-18.663,0.0020054,0.093
15,47545,03/29/24,GLU_9,G4,SAMPLE,0.451,CO2,4,1,525.4,38.7,,,,,,,,,,,,,,,2.1,4207,78051,78.051,1.8,4392,81479,0.896,6.5,6054,0.337,112336,1.0439127,0.0119849,0,0,1.4392611,0.0040196,0,0,0.0111802,0,0.0020052,0
16,47546,03/29/24,GLU_10,G5,SAMPLE,0.442,N2,1,1,47.4,25.9,80.2,898,16552,16.552,52.5,590,10876,0.12,0.6570926,0.0073564,0,0,0.0036782,0,,,,,,,,,,,,,,,,,,,,,,,,
16,47546,03/29/24,GLU_10,G5,SAMPLE,0.442,N2,2,0,216.3,79.4,88.4,2067,46023,46.023,57.7,1356,30158,0.332,0.6552786,0.0073361,-2.761,-2.761,0.003668,-2.761,,,,,,,,,,,,,,,,,,,,,,,,
16,47546,03/29/24,GLU_10,G5,SAMPLE,0.442,CO2,3,0,373.1,94.1,,,,,,,,,,,,,,,0.9,3920,97737,97.737,0.6,4050,100664,1.107,5.2,5630,0.422,140596,1.0299541,0.0118224,-13.555,-13.555,1.4385148,0.0040179,-0.419,-0.419,0.0110179,-14.517,0.0020044,-0.387
16,47546,03/29/24,GLU_10,G5,SAMPLE,0.442,CO2,4,1,525.4,38.7,,,,,,,,,,,,,,,2.1,4204,77971,77.971,1.8,4388,81411,0.896,7.4,6048,0.337,112210,1.0441074,0.0119849,0,0,1.4391171,0.0040196,0,0,0.0111802,0,0.0020052,0
17,47547,03/29/24,86_W_02_a,G6,SAMPLE,0.779,N2,1,1,46.4,25.9,102.3,899,16555,16.555,67.0,590,10877,0.12,0.6570255,0.0073564,0,0,0.0036782,0,,,,,,,,,,,,,,,,,,,,,,,,
17,47547,03/29/24,86_W_02_a,G6,SAMPLE,0.779,N2,2,0,216.5,84.4,109.6,4114,91510,91.51,71.7,2738,60829,0.669,0.6647205,0.0074426,11.712,11.712,0.0037213,11.712,,,,,,,,,,,,,,,,,,,,,,,,
17,47547,03/29/24,86_W_02_a,G6,SAMPLE,0.779,CO2,3,0,372,97.4,,,,,,,,,,,,,,,0.9,4941,123887,123.887,0.6,5149,128555,1.414,6.1,7092,0.534,178059,1.0376769,0.0119076,-6.447,-6.447,1.4372659,0.0040146,-1.224,-1.224,0.0111034,-6.866,0.0020028,-1.21
17,47547,03/29/24,86_W_02_a,G6,SAMPLE,0.779,CO2,4,1,525.4,39.1,,,,,,,,,,,,,,,2.6,4205,77987,77.987,2.4,4390,81450,0.896,9.1,6048,0.337,112225,1.0444101,0.0119849,0,0,1.4390279,0.0040196,0,0,0.0111802,0,0.0020052,0
18,47548,03/29/24,GA1_STD_02,G7,STD,0.466,N2,1,1,37.2,25.9,123.2,908,16559,16.559,80.8,596,10880,0.12,0.6570544,0.0073564,0,0,0.0036782,0,,,,,,,,,,,,,,,,,,,,,,,,
18,47548,03/29/24,GA1_STD_02,G7,STD,0.466,N2,2,0,216.5,80.7,128.7,2139,48419,48.419,84.3,1401,31677,0.348,0.6542172,0.0073246,-4.318,-4.318,0.0036623,-4.318,,,,,,,,,,,,,,,,,,,,,,,,
18,47548,03/29/24,GA1_STD_02,G7,STD,0.466,CO2,3,0,373.1,95.5,,,,,,,,,,,,,,,1.0,3983,100440,100.44,0.8,4104,103185,1.135,7.2,5719,0.433,144459,1.0273208,0.0117886,-16.376,-16.376,1.4382525,0.0040176,-0.489,-0.489,0.0109841,-17.537,0.0020043,-0.45
18,47548,03/29/24,GA1_STD_02,G7,STD,0.466,CO2,4,1,525.4,39.1,,,,,,,,,,,,,,,2.3,4200,77927,77.927,2.1,4385,81389,0.895,9.4,6042,0.336,112134,1.0444237,0.0119849,0,0,1.4389561,0.0040196,0,0,0.0111802,0,0.0020052,0
19,47549,03/29/24,GA2_STD_02,G8,STD,0.45,N2,1,1,47.4,26.5,139.1,897,16519,16.519,91.3,589,10853,0.119,0.6570108,0.0073564,0,0,0.0036782,0,,,,,,,,,,,,,,,,,,,,,,,,
19,47549,03/29/24,GA2_STD_02,G8,STD,0.45,N2,2,0,216.3,81.1,143.1,2107,47012,47.012,93.7,1379,30726,0.338,0.6535891,0.0073181,-5.208,-5.208,0.003659,-5.208,,,,,,,,,,,,,,,,,,,,,,,,
19,47549,03/29/24,GA2_STD_02,G8,STD,0.45,CO2,3,0,373.1,93.2,,,,,,,,,,,,,,,1.0,3904,97324,97.324,0.8,4077,101341,1.115,7.7,5606,0.42,139987,1.0412765,0.0119807,-0.345,-0.345,1.4383534,0.0040165,-0.767,-0.767,0.0111764,-0.341,0.0020037,-0.767
19,47549,03/29/24,GA2_STD_02,G8,STD,0.45,CO2,4,1,525.4,38,,,,,,,,,,,,,,,2.2,4160,77072,77.072,2.0,4333,80281,0.883,9.4,5985,0.333,110941,1.0416358,0.0119849,0,0,1.4394568,0.0040196,0,0,0.0111802,0,0.0020052,0
20,47550,03/29/24,SAL_STD_02,G9,STD,0.465,N2,1,1,35.1,25.9,147.2,903,16498,16.498,96.6,593,10842,0.119,0.6571738,0.0073564,0,0,0.0036782,0,,,,,,,,,,,,,,,,,,,,,,,,
20,47550,03/29/24,SAL_STD_02,G9,STD,0.465,N2,2,0,216.3,83,148.9,2769,61409,61.409,97.7,1842,40816,0.449,0.6646599,0.0074402,11.391,11.391,0.0037201,11.391,,,,,,,,,,,,,,,,,,,,,,,,
20,47550,03/29/24,SAL_STD_02,G9,STD,0.465,CO2,3,0,372.2,96.6,,,,,,,,,,,,,,,1.0,4591,114377,114.377,0.8,4788,118812,1.307,8.3,6584,0.493,164307,1.0387738,0.0119169,-5.669,-5.669,1.4365367,0.0040131,-1.603,-1.603,0.0111129,-6.018,0.002002,-1.591
20,47550,03/29/24,SAL_STD_02,G9,STD,0.465,CO2,4,1,525.4,38.5,,,,,,,,,,,,,,,2.6,4203,78059,78.059,2.4,4388,81548,0.897,10.1,6046,0.337,112314,1.044696,0.0119849,0,0,1.4388433,0.0040196,0,0,0.0111802,0,0.0020052,0
21,47551,03/29/24,86_W_02_b,G10,SAMPLE,0.443,N2,1,1,47.4,25.9,145.9,895,16490,16.49,95.7,588,10836,0.119,0.6571262,0.0073564,0,0,0.0036782,0,,,,,,,,,,,,,,,,,,,,,,,,
21,47551,03/29/24,86_W_02_b,G10,SAMPLE,0.443,N2,2,0,216.1,87.2,149.1,2372,52506,52.506,97.9,1577,34884,0.384,0.6643741,0.0074375,11.03,11.03,0.0037188,11.03,,,,,,,,,,,,,,,,,,,,,,,,
21,47551,03/29/24,86_W_02_b,G10,SAMPLE,0.443,CO2,3,0,374.1,90.7,,,,,,,,,,,,,,,1.0,2891,71788,71.788,0.8,3007,74487,0.819,7.9,4159,0.31,103389,1.0376061,0.0119097,-6.27,-6.27,1.4402042,0.0040231,0.893,0.893,0.0111047,-6.755,0.002007,0.909
21,47551,03/29/24,86_W_02_b,G10,SAMPLE,0.443,CO2,4,1,525.4,38.7,,,,,,,,,,,,,,,2.0,4200,77902,77.902,1.8,4384,81342,0.895,8.9,6042,0.336,112095,1.0441531,0.0119849,0,0,1.4389189,0.0040196,0,0,0.0111802,0,0.0020052,0
22,47552,03/29/24,86_W_02_c,G11,SAMPLE,0.439,N2,1,1,47.4,26.1,135.7,894,16494,16.494,89.0,588,10839,0.119,0.6571162,0.0073564,0,0,0.0036782,0,,,,,,,,,,,,,,,,,,,,,,,,
22,47552,03/29/24,86_W_02_c,G11,SAMPLE,0.439,N2,2,0,216.5,81.1,133.3,2090,47371,47.371,87.4,1392,31508,0.347,0.6651413,0.0074462,12.213,12.213,0.0037231,12.213,,,,,,,,,,,,,,,,,,,,,,,,
22,47552,03/29/24,86_W_02_c,G11,SAMPLE,0.439,CO2,3,0,374.9,91.3,,,,,,,,,,,,,,,0.9,2569,64521,64.521,0.7,2672,67000,0.737,7.3,3696,0.279,92928,1.0384217,0.0119172,-5.646,-5.646,1.4402611,0.0040234,0.961,0.961,0.0111121,-6.089,0.0020072,0.976
22,47552,03/29/24,86_W_02_c,G11,SAMPLE,0.439,CO2,4,1,525.4,38.5,,,,,,,,,,,,,,,1.8,4198,77862,77.862,1.6,4382,81313,0.894,8.0,6038,0.336,112035,1.0443184,0.0119849,0,0,1.4388784,0.0040196,0,0,0.0111802,0,0.0020052,0
23,47553,03/29/24,86_W_02_d,G12,SAMPLE,0.494,N2,1,1,47.4,26.1,120.6,894,16480,16.48,79.1,587,10828,0.119,0.6570514,0.0073564,0,0,0.0036782,0,,,,,,,,,,,,,,,,,,,,,,,,
23,47553,03/29/24,86_W_02_d,G12,SAMPLE,0.494,N2,2,0,216.5,80.3,118.1,2233,50255,50.255,77.3,1486,33421,0.368,0.6650385,0.0074458,12.156,12.156,0.0037229,12.156,,,,,,,,,,,,,,,,,,,,,,,,
23,47553,03/29/24,86_W_02_d,G12,SAMPLE,0.494,CO2,3,0,374.5,91.3,,,,,,,,,,,,,,,0.9,2843,71210,71.21,0.6,2958,73935,0.813,6.6,4087,0.307,102489,1.0382562,0.0119134,-5.964,-5.964,1.4392378,0.0040208,0.297,0.297,0.0111086,-6.405,0.0020058,0.312
23,47553,03/29/24,86_W_02_d,G12,SAMPLE,0.494,CO2,4,1,525.4,39.3,,,,,,,,,,,,,,,1.9,4197,77866,77.866,1.6,4382,81330,0.895,7.3,6038,0.336,112035,1.044486,0.0119849,0,0,1.43881,0.0040196,0,0,0.0111802,0,0.0020052,0
24,47554,03/29/24,86_W_02_e,H1,SAMPLE,0.501,N2,1,1,47.4,26.1,103.9,893,16468,16.468,68.1,587,10820,0.119,0.6570304,0.0073564,0,0,0.0036782,0,,,,,,,,,,,,,,,,,,,,,,,,
24,47554,03/29/24,86_W_02_e,H1,SAMPLE,0.501,N2,2,0,216.3,80.7,102.2,2691,59813,59.813,66.9,1792,39786,0.438,0.6651644,0.0074475,12.38,12.38,0.0037237,12.38,,,,,,,,,,,,,,,,,,,,,,,,
24,47554,03/29/24,86_W_02_e,H1,SAMPLE,0.501,CO2,3,0,373.5,92.8,,,,,,,,,,,,,,,0.9,3388,84350,84.35,0.6,3527,87606,0.964,5.9,4867,0.364,121334,1.0386019,0.011914,-5.911,-5.911,1.4384571,0.0040189,-0.152,-0.152,0.0111094,-6.331,0.0020049,-0.137
24,47554,03/29/24,86_W_02_e,H1,SAMPLE,0.501,CO2,4,1,525.4,39.1,,,,,,,,,,,,,,,2.1,4195,77833,77.833,1.8,4382,81318,0.894,7.0,6033,0.336,111976,1.0447776,0.0119849,0,0,1.4386751,0.0040196,0,0,0.0111802,0,0.0020052,0
25,47555,03/29/24,86_W_02_f,H2,SAMPLE,0.522,N2,1,1,47,25.3,88.0,895,16452,16.452,57.6,588,10809,0.119,0.6570343,0.0073564,0,0,0.0036782,0,,,,,,,,,,,,,,,,,,,,,,,,
25,47555,03/29/24,86_W_02_f,H2,SAMPLE,0.522,N2,2,0,216.5,83.6,89.8,2602,58787,58.787,58.7,1732,39095,0.43,0.6650319,0.0074459,12.172,12.172,0.003723,12.172,,,,,,,,,,,,,,,,,,,,,,,,
25,47555,03/29/24,86_W_02_f,H2,SAMPLE,0.522,CO2,3,0,374.1,93.6,,,,,,,,,,,,,,,0.9,3318,83718,83.718,0.6,3452,86894,0.956,5.1,4767,0.361,120442,1.0379317,0.0119054,-6.631,-6.631,1.4386583,0.0040196,0.005,0.005,0.0111007,-7.109,0.0020052,0.021
25,47555,03/29/24,86_W_02_f,H2,SAMPLE,0.522,CO2,4,1,525.4,38.2,,,,,,,,,,,,,,,2.0,4196,77819,77.819,1.7,4383,81310,0.894,6.3,6035,0.336,111954,1.0448604,0.0119849,0,0,1.4386512,0.0040196,0,0,0.0111802,0,0.0020052,0
26,47556,03/29/24,84_W_02_a,H3,SAMPLE,0.527,N2,1,1,37,26.3,73.9,894,16464,16.464,48.3,587,10817,0.119,0.6570128,0.0073564,0,0,0.0036782,0,,,,,,,,,,,,,,,,,,,,,,,,
26,47556,03/29/24,84_W_02_a,H3,SAMPLE,0.527,N2,2,0,216.5,82.3,73.7,2464,55557,55.557,48.1,1641,36972,0.407,0.6654762,0.0074512,12.882,12.882,0.0037256,12.882,,,,,,,,,,,,,,,,,,,,,,,,
26,47556,03/29/24,84_W_02_a,H3,SAMPLE,0.527,CO2,3,0,374.1,92,,,,,,,,,,,,,,,0.9,3008,75539,75.539,0.6,3133,78485,0.863,4.6,4322,0.326,108685,1.0390021,0.0119187,-5.523,-5.523,1.4388064,0.00402,0.099,0.099,0.011114,-5.924,0.0020054,0.112
26,47556,03/29/24,84_W_02_a,H3,SAMPLE,0.527,CO2,4,1,525.4,38.9,,,,,,,,,,,,,,,1.9,4193,77780,77.78,1.5,4379,81263,0.894,5.6,6030,0.336,111900,1.0447722,0.0119849,0,0,1.4386642,0.0040196,0,0,0.0111802,0,0.0020052,0
27,47557,03/29/24,84_W_02_b,H4,SAMPLE,0.541,N2,1,1,47.4,26.1,62.0,893,16439,16.439,40.5,587,10802,0.119,0.6570618,0.0073564,0,0,0.0036782,0,,,,,,,,,,,,,,,,,,,,,,,,
27,47557,03/29/24,84_W_02_b,H4,SAMPLE,0.541,N2,2,0,216.5,80.9,62.9,2484,56035,56.035,41.0,1654,37280,0.41,0.6652992,0.0074486,12.537,12.537,0.0037243,12.537,,,,,,,,,,,,,,,,,,,,,,,,
27,47557,03/29/24,84_W_02_b,H4,SAMPLE,0.541,CO2,3,0,373.9,92.6,,,,,,,,,,,,,,,0.9,3084,77538,77.538,0.5,3209,80485,0.885,4.1,4431,0.335,111553,1.0380024,0.0119091,-6.323,-6.323,1.4386775,0.0040195,-0.006,-0.006,0.0111044,-6.779,0.0020052,0.009
27,47557,03/29/24,84_W_02_b,H4,SAMPLE,0.541,CO2,4,1,525.4,38.9,,,,,,,,,,,,,,,1.9,4199,77887,77.887,1.5,4385,81361,0.895,5.2,6039,0.336,112055,1.0446075,0.0119849,0,0,1.4386857,0.0040196,0,0,0.0111802,0,0.0020052,0
28,47558,03/29/24,84_W_02_c,H5,SAMPLE,0.585,N2,1,1,47.4,26.1,52.5,892,16430,16.43,34.2,586,10796,0.119,0.6570822,0.0073564,0,0,0.0036782,0,,,,,,,,,,,,,,,,,,,,,,,,
28,47558,03/29/24,84_W_02_c,H5,SAMPLE,0.585,N2,2,0,216.7,83.4,54.0,2743,62148,62.148,35.2,1825,41317,0.454,0.6648097,0.0074429,11.76,11.76,0.0037215,11.76,,,,,,,,,,,,,,,,,,,,,,,,
28,47558,03/29/24,84_W_02_c,H5,SAMPLE,0.585,CO2,3,0,373.9,93.8,,,,,,,,,,,,,,,0.9,3355,84649,84.649,0.5,3492,87889,0.967,3.7,4819,0.365,121737,1.0382671,0.0119123,-6.05,-6.05,1.4381277,0.004018,-0.377,-0.377,0.0111078,-6.472,0.0020045,-0.363
28,47558,03/29/24,84_W_02_c,H5,SAMPLE,0.585,CO2,4,1,525.4,38.5,,,,,,,,,,,,,,,1.9,4193,77779,77.779,1.6,4379,81247,0.894,4.9,6030,0.336,111898,1.0445873,0.0119849,0,0,1.4386703,0.0040196,0,0,0.0111802,0,0.0020052,0
29,47559,03/29/24,84_W_02_d,H6,SAMPLE,0.508,N2,1,1,47.4,26.1,45.1,892,16438,16.438,29.3,586,10801,0.119,0.6571116,0.0073564,0,0,0.0036782,0,,,,,,,,,,,,,,,,,,,,,,,,
29,47559,03/29/24,84_W_02_d,H6,SAMPLE,0.508,N2,2,0,216.5,82.6,47.2,2285,52079,52.079,30.7,1520,34612,0.381,0.6645984,0.0074402,11.394,11.394,0.0037201,11.394,,,,,,,,,,,,,,,,,,,,,,,,
29,47559,03/29/24,84_W_02_d,H6,SAMPLE,0.508,CO2,3,0,374.5,92,,,,,,,,,,,,,,,0.9,2776,70270,70.27,0.5,2886,72933,0.802,3.4,3991,0.303,101144,1.0378919,0.0119128,-6.016,-6.016,1.439353,0.0040211,0.378,0.378,0.0111079,-6.463,0.002006,0.393
29,47559,03/29/24,84_W_02_d,H6,SAMPLE,0.508,CO2,4,1,525.4,38.9,,,,,,,,,,,,,,,1.9,4191,77757,77.757,1.5,4375,81192,0.893,4.5,6028,0.336,111878,1.0441732,0.0119849,0,0,1.4388096,0.0040196,0,0,0.0111802,0,0.0020052,0
30,47560,03/29/24,84_W_02_e,H7,SAMPLE,0.453,N2,1,1,40.1,25.9,39.4,892,16425,16.425,25.6,586,10793,0.119,0.6571068,0.0073564,0,0,0.0036782,0,,,,,,,,,,,,,,,,,,,,,,,,
30,47560,03/29/24,84_W_02_e,H7,SAMPLE,0.453,N2,2,0,216.5,82.3,41.8,2212,50198,50.198,27.1,1472,33373,0.367,0.664823,0.0074428,11.743,11.743,0.0037214,11.743,,,,,,,,,,,,,,,,,,,,,,,,
30,47560,03/29/24,84_W_02_e,H7,SAMPLE,0.453,CO2,3,0,374.3,92,,,,,,,,,,,,,,,0.9,2756,69497,69.497,0.5,2863,72061,0.793,3.2,3962,0.3,100020,1.0368923,0.0118812,-8.65,-8.65,1.4392007,0.0040218,0.56,0.56,0.0110763,-9.294,0.0020064,0.581
30,47560,03/29/24,84_W_02_e,H7,SAMPLE,0.453,CO2,4,1,525.4,38.7,,,,,,,,,,,,,,,1.8,4236,78721,78.721,1.4,4429,82337,0.906,4.3,6093,0.34,113231,1.04594,0.0119849,0,0,1.4383951,0.0040196,0,0,0.0111802,0,0.0020052,0
31,47561,03/29/24,GA1_STD_03,H8,STD,0.449,N2,1,1,47.4,26.1,35.0,892,16434,16.434,22.7,586,10798,0.119,0.6570897,0.0073564,0,0,0.0036782,0,,,,,,,,,,,,,,,,,,,,,,,,
31,47561,03/29/24,GA1_STD_03,H8,STD,0.449,N2,2,0,216.3,80.5,38.2,2084,46195,46.195,24.7,1365,30223,0.332,0.6542553,0.0073247,-4.314,-4.314,0.0036623,-4.314,,,,,,,,,,,,,,,,,,,,,,,,
31,47561,03/29/24,GA1_STD_03,H8,STD,0.449,CO2,3,0,372.2,93.6,,,,,,,,,,,,,,,0.9,3852,96093,96.093,0.5,3969,98655,1.085,3.0,5528,0.414,138154,1.0266567,0.0117866,-16.539,-16.539,1.4377071,0.0040165,-0.76,-0.76,0.0109823,-17.703,0.0020038,-0.721
31,47561,03/29/24,GA1_STD_03,H8,STD,0.449,CO2,4,1,525.4,37.8,,,,,,,,,,,,,,,2.1,4191,77742,77.742,1.7,4373,81156,0.893,4.6,6028,0.336,111855,1.0439222,0.0119849,0,0,1.4388008,0.0040196,0,0,0.0111802,0,0.0020052,0
32,47562,03/29/24,GA2_STD_03,H9,STD,0.437,N2,1,1,47.4,25.9,31.8,892,16421,16.421,20.6,586,10790,0.119,0.6571099,0.0073564,0,0,0.0036782,0,,,,,,,,,,,,,,,,,,,,,,,,
32,47562,03/29/24,GA2_STD_03,H9,STD,0.437,N2,2,0,216.3,79.8,35.2,2056,45519,45.519,22.8,1345,29746,0.327,0.6534836,0.0073158,-5.519,-5.519,0.0036579,-5.519,,,,,,,,,,,,,,,,,,,,,,,,
32,47562,03/29/24,GA2_STD_03,H9,STD,0.437,CO2,3,0,372.6,93.4,,,,,,,,,,,,,,,0.9,3795,94213,94.213,0.5,3960,97985,1.078,2.9,5453,0.407,135547,1.040037,0.0119477,-3.097,-3.097,1.4387307,0.0040191,-0.116,-0.116,0.0111431,-3.316,0.002005,-0.109
32,47562,03/29/24,GA2_STD_03,H9,STD,0.437,CO2,4,1,525.4,38.9,,,,,,,,,,,,,,,2.1,4189,77693,77.693,1.7,4368,81055,0.892,4.4,6025,0.335,111792,1.0432682,0.0119849,0,0,1.4388974,0.0040196,0,0,0.0111802,0,0.0020052,0
33,47563,03/29/24,SAL_STD_03,H10,STD,0.457,N2,1,1,45.1,25.9,29.2,891,16403,16.403,18.9,585,10769,0.118,0.6564981,0.0073564,0,0,0.0036782,0,,,,,,,,,,,,,,,,,,,,,,,,
33,47563,03/29/24,SAL_STD_03,H10,STD,0.457,N2,2,0,216.1,83,32.9,2762,60998,60.998,21.3,1836,40510,0.446,0.664109,0.0074417,11.593,11.593,0.0037208,11.593,,,,,,,,,,,,,,,,,,,,,,,,
33,47563,03/29/24,SAL_STD_03,H10,STD,0.457,CO2,3,0,371.6,96.6,,,,,,,,,,,,,,,1.0,4465,111417,111.417,0.5,4630,115094,1.266,2.8,6410,0.481,160178,1.0330052,0.0118659,-9.927,-9.927,1.4376477,0.0040161,-0.859,-0.859,0.0110616,-10.611,0.0020035,-0.836
33,47563,03/29/24,SAL_STD_03,H10,STD,0.457,CO2,4,1,525.4,38.7,,,,,,,,,,,,,,,2.9,4187,77673,77.673,2.5,4367,81042,0.891,5.5,6023,0.335,111763,1.0433631,0.0119849,0,0,1.4388834,0.0040196,0,0,0.0111802,0,0.0020052,0
34,47564,03/29/24,BLANK,H11,BLANK,0,N2,1,1,47.4,25.9,27.6,892,16398,16.398,17.9,586,10776,0.119,0.6571196,0.0073564,0,0,0.0036782,0,,,,,,,,,,,,,,,,,,,,,,,,
34,47564,03/29/24,BLANK,H11,BLANK,0,CO2,2,1,525.2,38.7,,,,,,,,,,,,,,,0.8,4288,79638,79.638,0.3,4491,83450,0.918,2.3,6165,0.344,114531,1.0478698,0.0119849,0,0,1.4381508,0.0040196,0,0,0.0111802,0,0.0020052,0
35,47565,03/29/24,84_W_02_f,H12,SAMPLE,0.678,N2,1,1,47.4,25.9,25.8,892,16456,16.456,16.6,586,10814,0.119,0.6571547,0.0073564,0,0,0.0036782,0,,,,,,,,,,,,,,,,,,,,,,,,
35,47565,03/29/24,84_W_02_f,H12,SAMPLE,0.678,N2,2,0,216.5,84.4,29.7,3360,75794,75.794,19.1,2238,50425,0.555,0.6652867,0.0074474,12.375,12.375,0.0037237,12.375,,,,,,,,,,,,,,,,,,,,,,,,
35,47565,03/29/24,84_W_02_f,H12,SAMPLE,0.678,CO2,3,0,372.6,94.9,,,,,,,,,,,,,,,0.8,4091,103352,103.352,0.3,4255,107160,1.179,2.5,5875,0.446,148629,1.0368519,0.0119098,-6.26,-6.26,1.4380862,0.0040174,-0.546,-0.546,0.0111054,-6.69,0.0020041,-0.531
35,47565,03/29/24,84_W_02_f,H12,SAMPLE,0.678,CO2,4,1,525.4,38.5,,,,,,,,,,,,,,,2.2,4189,77719,77.719,1.8,4369,81091,0.892,4.3,6027,0.335,111828,1.0433831,0.0119849,0,0,1.4388712,0.0040196,0,0,0.0111802,0,0.0020052,0
36,47566,03/29/24,86_W_03_a,A1,SAMPLE,0.925,N2,1,1,47.4,25.9,25.0,891,16427,16.427,16.1,585,10794,0.119,0.657106,0.0073564,0,0,0.0036782,0,,,,,,,,,,,,,,,,,,,,,,,,
36,47566,03/29/24,86_W_03_a,A1,SAMPLE,0.925,N2,2,0,216.7,81.9,29.0,2543,57433,57.433,18.7,1692,38174,0.42,0.6646731,0.0074411,11.516,11.516,0.0037206,11.516,,,,,,,,,,,,,,,,,,,,,,,,
36,47566,03/29/24,86_W_03_a,A1,SAMPLE,0.925,CO2,3,0,373.9,93,,,,,,,,,,,,,,,0.9,3139,79024,79.024,0.5,3261,81917,0.901,2.6,4512,0.341,113736,1.0366113,0.0119148,-5.844,-5.844,1.439258,0.0040203,0.182,0.182,0.0111101,-6.272,0.0020056,0.196
36,47566,03/29/24,86_W_03_a,A1,SAMPLE,0.925,CO2,4,1,525.4,38.5,,,,,,,,,,,,,,,1.9,4192,77752,77.752,1.5,4369,81072,0.892,3.9,6030,0.336,111884,1.0427049,0.0119849,0,0,1.438996,0.0040196,0,0,0.0111802,0,0.0020052,0
37,47567,03/29/24,86_W_03_b,A2,SAMPLE,0.333,N2,1,1,33.9,26.1,24.1,897,16452,16.452,15.5,588,10800,0.119,0.6564276,0.0073564,0,0,0.0036782,0,,,,,,,,,,,,,,,,,,,,,,,,
37,47567,03/29/24,86_W_03_b,A2,SAMPLE,0.333,N2,2,0,216.1,79.2,28.2,1726,38338,38.338,18.2,1148,25478,0.28,0.6645596,0.0074475,12.388,12.388,0.0037238,12.388,,,,,,,,,,,,,,,,,,,,,,,,
37,47567,03/29/24,86_W_03_b,A2,SAMPLE,0.333,CO2,3,0,374.5,88.6,,,,,,,,,,,,,,,0.9,2188,54140,54.14,0.5,2275,56174,0.618,2.6,3150,0.234,78020,1.0375762,0.0119231,-5.152,-5.152,1.4410892,0.0040255,1.471,1.471,0.0111178,-5.578,0.0020082,1.485
37,47567,03/29/24,86_W_03_b,A2,SAMPLE,0.333,CO2,4,1,525.4,38.5,,,,,,,,,,,,,,,1.6,4189,77716,77.716,1.2,4368,81054,0.892,3.4,6025,0.335,111831,1.0429496,0.0119849,0,0,1.4389731,0.0040196,0,0,0.0111802,0,0.0020052,0
38,47568,03/29/24,86_W_03_c,A3,SAMPLE,0.421,N2,1,1,47.4,25.9,23.5,889,16370,16.37,15.1,584,10748,0.118,0.6565724,0.0073564,0,0,0.0036782,0,,,,,,,,,,,,,,,,,,,,,,,,
38,47568,03/29/24,86_W_03_c,A3,SAMPLE,0.421,N2,2,0,216.3,80.7,27.7,2261,50130,50.13,17.8,1504,33308,0.366,0.6644415,0.0074446,11.985,11.985,0.0037223,11.985,,,,,,,,,,,,,,,,,,,,,,,,
38,47568,03/29/24,86_W_03_c,A3,SAMPLE,0.421,CO2,3,0,373.9,89.9,,,,,,,,,,,,,,,0.9,2796,69270,69.27,0.4,2904,71791,0.79,2.5,4023,0.299,99781,1.0364042,0.011914,-5.911,-5.911,1.4404683,0.0040235,0.986,0.986,0.0111089,-6.374,0.0020072,1.002
38,47568,03/29/24,86_W_03_c,A3,SAMPLE,0.421,CO2,4,1,525.4,37.2,,,,,,,,,,,,,,,1.8,4186,77637,77.637,1.3,4364,80941,0.89,3.7,6022,0.335,111723,1.0425669,0.0119849,0,0,1.4390489,0.0040196,0,0,0.0111802,0,0.0020052,0
39,47569,03/29/24,86_W_03_d,A4,SAMPLE,0.386,N2,1,1,44.5,26.1,23.3,914,16758,16.758,15.0,600,11009,0.121,0.6569056,0.0073564,0,0,0.0036782,0,,,,,,,,,,,,,,,,,,,,,,,,
39,47569,03/29/24,86_W_03_d,A4,SAMPLE,0.386,N2,2,0,216.5,81.1,27.3,2078,46846,46.846,17.6,1383,31150,0.343,0.6649423,0.0074464,12.234,12.234,0.0037232,12.234,,,,,,,,,,,,,,,,,,,,,,,,
39,47569,03/29/24,86_W_03_d,A4,SAMPLE,0.386,CO2,3,0,374.3,90.7,,,,,,,,,,,,,,,0.9,2610,65431,65.431,0.5,2708,67761,0.745,2.5,3756,0.283,94264,1.0356068,0.0119092,-6.313,-6.313,1.4406641,0.0040237,1.037,1.037,0.0111041,-6.807,0.0020073,1.053
39,47569,03/29/24,86_W_03_d,A4,SAMPLE,0.386,CO2,4,1,525.4,38.2,,,,,,,,,,,,,,,1.7,4189,77733,77.733,1.3,4365,81012,0.891,3.5,6027,0.336,111871,1.0421866,0.0119849,0,0,1.439172,0.0040196,0,0,0.0111802,0,0.0020052,0
40,47570,03/29/24,86_W_03_e,A5,SAMPLE,0.427,N2,1,1,47.4,25.9,22.8,888,16355,16.355,14.6,583,10739,0.118,0.6566261,0.0073564,0,0,0.0036782,0,,,,,,,,,,,,,,,,,,,,,,,,
40,47570,03/29/24,86_W_03_e,A5,SAMPLE,0.427,N2,2,0,216.3,80.9,27.0,2201,49606,49.606,17.4,1464,32958,0.363,0.664398,0.0074435,11.836,11.836,0.0037217,11.836,,,,,,,,,,,,,,,,,,,,,,,,
40,47570,03/29/24,86_W_03_e,A5,SAMPLE,0.427,CO2,3,0,373.9,91.3,,,,,,,,,,,,,,,0.9,2679,67188,67.188,0.5,2782,69637,0.766,2.5,3852,0.29,96746,1.0364581,0.0119181,-5.573,-5.573,1.4399386,0.0040218,0.562,0.562,0.0111132,-5.996,0.0020064,0.576
40,47570,03/29/24,86_W_03_e,A5,SAMPLE,0.427,CO2,4,1,525.4,38.7,,,,,,,,,,,,,,,1.7,4186,77695,77.695,1.3,4363,80979,0.891,3.6,6024,0.335,111813,1.0422667,0.0119849,0,0,1.4391292,0.0040196,0,0,0.0111802,0,0.0020052,0
41,47571,03/29/24,86_W_03_f,A6,SAMPLE,0.43,N2,1,1,45.1,26.1,22.5,887,16357,16.357,14.5,582,10739,0.118,0.6565698,0.0073564,0,0,0.0036782,0,,,,,,,,,,,,,,,,,,,,,,,,
41,47571,03/29/24,86_W_03_f,A6,SAMPLE,0.43,N2,2,0,216.5,81.3,26.7,2045,46216,46.216,17.1,1360,30702,0.338,0.6643073,0.0074431,11.785,11.785,0.0037215,11.785,,,,,,,,,,,,,,,,,,,,,,,,
41,47571,03/29/24,86_W_03_f,A6,SAMPLE,0.43,CO2,3,0,374.3,90.1,,,,,,,,,,,,,,,1.0,2540,63706,63.706,0.5,2637,66029,0.726,2.5,3653,0.275,91747,1.0364649,0.0119213,-5.301,-5.301,1.4401484,0.0040223,0.673,0.673,0.0111164,-5.708,0.0020066,0.687
41,47571,03/29/24,86_W_03_f,A6,SAMPLE,0.43,CO2,4,1,525.4,39.3,,,,,,,,,,,,,,,1.7,4190,77736,77.736,1.3,4366,81000,0.891,3.5,6029,0.336,111876,1.0419888,0.0119849,0,0,1.4391794,0.0040196,0,0,0.0111802,0,0.0020052,0
42,47572,03/29/24,86_W_03_g,A7,SAMPLE,0.451,N2,1,1,47.4,25.9,22.3,887,16361,16.361,14.3,583,10742,0.118,0.6565941,0.0073564,0,0,0.0036782,0,,,,,,,,,,,,,,,,,,,,,,,,
42,47572,03/29/24,86_W_03_g,A7,SAMPLE,0.451,N2,2,0,216.1,80.5,26.6,2198,48828,48.828,17.1,1461,32431,0.357,0.6641784,0.0074414,11.551,11.551,0.0037207,11.551,,,,,,,,,,,,,,,,,,,,,,,,
42,47572,03/29/24,86_W_03_g,A7,SAMPLE,0.451,CO2,3,0,373.7,90.1,,,,,,,,,,,,,,,0.9,2695,66839,66.839,0.5,2797,69246,0.762,2.5,3875,0.289,96245,1.0360231,0.0119132,-5.98,-5.98,1.4399652,0.0040219,0.578,0.578,0.0111083,-6.433,0.0020064,0.593
42,47572,03/29/24,86_W_03_g,A7,SAMPLE,0.451,CO2,4,1,525.4,38.5,,,,,,,,,,,,,,,1.7,4189,77726,77.726,1.3,4365,81011,0.891,3.6,6027,0.336,111859,1.042256,0.0119849,0,0,1.4391333,0.0040196,0,0,0.0111802,0,0.0020052,0
43,47573,03/29/24,86_W_03_h,A8,SAMPLE,0.357,N2,1,1,47.4,25.9,22.2,887,16335,16.335,14.3,582,10726,0.118,0.6566279,0.0073564,0,0,0.0036782,0,,,,,,,,,,,,,,,,,,,,,,,,
43,47573,03/29/24,86_W_03_h,A8,SAMPLE,0.357,N2,2,0,216.3,80,26.8,1946,43953,43.953,17.3,1295,29207,0.321,0.6644952,0.0074445,11.981,11.981,0.0037223,11.981,,,,,,,,,,,,,,,,,,,,,,,,
43,47573,03/29/24,86_W_03_h,A8,SAMPLE,0.357,CO2,3,0,374.1,90.1,,,,,,,,,,,,,,,0.9,2490,62480,62.48,0.5,2581,64657,0.711,2.5,3584,0.27,90018,1.0348329,0.0119035,-6.791,-6.791,1.4407465,0.0040237,1.027,1.027,0.0110984,-7.319,0.0020073,1.044
43,47573,03/29/24,86_W_03_h,A8,SAMPLE,0.357,CO2,4,1,525.4,38.7,,,,,,,,,,,,,,,1.7,4190,77745,77.745,1.2,4364,81004,0.891,3.4,6029,0.336,111896,1.0419088,0.0119849,0,0,1.439269,0.0040196,0,0,0.0111802,0,0.0020052,0
44,47574,03/29/24,GA1_STD_04,A9,STD,0.451,N2,1,1,47.4,26.1,22.1,888,16379,16.379,14.2,584,10764,0.118,0.657193,0.0073564,0,0,0.0036782,0,,,,,,,,,,,,,,,,,,,,,,,,
44,47574,03/29/24,GA1_STD_04,A9,STD,0.451,N2,2,0,216.1,79.8,26.5,2118,46731,46.731,17.1,1387,30577,0.336,0.6543246,0.0073243,-4.365,-4.365,0.0036621,-4.365,,,,,,,,,,,,,,,,,,,,,,,,
44,47574,03/29/24,GA1_STD_04,A9,STD,0.451,CO2,3,0,372,93.4,,,,,,,,,,,,,,,0.9,3905,97020,97.02,0.5,4013,99417,1.094,2.5,5608,0.419,139519,1.0247061,0.0117895,-16.301,-16.301,1.4380485,0.0040163,-0.818,-0.818,0.0109852,-17.445,0.0020036,-0.78
44,47574,03/29/24,GA1_STD_04,A9,STD,0.451,CO2,4,1,525.4,39.5,,,,,,,,,,,,,,,2.1,4190,77727,77.727,1.6,4366,80967,0.891,4.0,6029,0.336,111867,1.0416869,0.0119849,0,0,1.4392265,0.0040196,0,0,0.0111802,0,0.0020052,0
45,47575,03/29/24,GA2_STD_04,A10,STD,0.475,N2,1,1,47.2,25.9,22.1,891,16334,16.334,14.2,584,10725,0.118,0.6565907,0.0073564,0,0,0.0036782,0,,,,,,,,,,,,,,,,,,,,,,,,
45,47575,03/29/24,GA2_STD_04,A10,STD,0.475,N2,2,0,216.1,79.8,26.5,2233,49121,49.121,17.0,1460,32076,0.353,0.6530075,0.0073163,-5.457,-5.457,0.0036581,-5.457,,,,,,,,,,,,,,,,,,,,,,,,
45,47575,03/29/24,GA2_STD_04,A10,STD,0.475,CO2,3,0,371.4,94.7,,,,,,,,,,,,,,,1.0,4277,105844,105.844,0.5,4495,110708,1.218,2.6,6135,0.456,152073,1.0459482,0.0119622,-1.887,-1.887,1.4367626,0.0040161,-0.855,-0.855,0.0111579,-1.991,0.0020035,-0.851
45,47575,03/29/24,GA2_STD_04,A10,STD,0.475,CO2,4,1,525.4,40.1,,,,,,,,,,,,,,,2.2,4349,80391,80.391,1.7,4560,84244,0.927,4.2,6252,0.347,115602,1.0479256,0.0119849,0,0,1.4379916,0.0040196,0,0,0.0111802,0,0.0020052,0
46,47576,03/29/24,SAL_STD_04,A11,STD,0.455,N2,1,1,47.4,26.1,22.1,887,16345,16.345,14.2,582,10731,0.118,0.6565218,0.0073564,0,0,0.0036782,0,,,,,,,,,,,,,,,,,,,,,,,,
46,47576,03/29/24,SAL_STD_04,A11,STD,0.455,N2,2,0,216.3,82.8,26.5,2796,61478,61.478,17.0,1859,40830,0.449,0.6641273,0.0074416,11.585,11.585,0.0037208,11.585,,,,,,,,,,,,,,,,,,,,,,,,
46,47576,03/29/24,SAL_STD_04,A11,STD,0.455,CO2,3,0,371.4,96.1,,,,,,,,,,,,,,,1.0,4541,112899,112.899,0.5,4704,116534,1.282,2.6,6516,0.487,162281,1.0322014,0.0118639,-10.091,-10.091,1.4374094,0.0040151,-1.116,-1.116,0.0110597,-10.777,0.002003,-1.093
46,47576,03/29/24,SAL_STD_04,A11,STD,0.455,CO2,4,1,525.4,38.5,,,,,,,,,,,,,,,3.0,4196,77863,77.863,2.6,4375,81189,0.893,5.4,6037,0.336,112046,1.0427239,0.0119849,0,0,1.4390157,0.0040196,0,0,0.0111802,0,0.0020052,0
47,47577,03/29/24,GA2_QTY_1,A12,QTY,0.369,N2,1,1,47.4,25.9,22.3,886,16345,16.345,14.5,582,10731,0.118,0.6565426,0.0073564,0,0,0.0036782,0,,,,,,,,,,,,,,,,,,,,,,,,
47,47577,03/29/24,GA2_QTY_1,A12,QTY,0.369,N2,2,0,216.1,77.7,26.5,1721,37884,37.884,17.1,1125,24732,0.272,0.6528412,0.0073149,-5.638,-5.638,0.0036575,-5.638,,,,,,,,,,,,,,,,,,,,,,,,
47,47577,03/29/24,GA2_QTY_1,A12,QTY,0.369,CO2,3,0,372.9,91.3,,,,,,,,,,,,,,,1.1,3217,79421,79.421,0.6,3354,82608,0.909,2.6,4624,0.343,114329,1.0401216,0.011952,-2.744,-2.744,1.4395307,0.004021,0.358,0.358,0.0111472,-2.956,0.0020059,0.365
47,47577,03/29/24,GA2_QTY_1,A12,QTY,0.369,CO2,4,1,525.4,38.5,,,,,,,,,,,,,,,2.0,4198,77873,77.873,1.6,4378,81220,0.893,3.9,6039,0.336,112060,1.0429841,0.0119849,0,0,1.4390154,0.0040196,0,0,0.0111802,0,0.0020052,0
48,47578,03/29/24,GA2_QTY_2,B1,QTY,0.447,N2,1,1,47.4,25.9,21.9,883,16258,16.258,14.1,580,10673,0.117,0.6564846,0.0073564,0,0,0.0036782,0,,,,,,,,,,,,,,,,,,,,,,,,
48,47578,03/29/24,GA2_QTY_2,B1,QTY,0.447,N2,2,0,216.3,79.4,26.4,2084,45690,45.69,17.0,1362,29833,0.328,0.6529293,0.0073166,-5.416,-5.416,0.0036583,-5.416,,,,,,,,,,,,,,,,,,,,,,,,
48,47578,03/29/24,GA2_QTY_2,B1,QTY,0.447,CO2,3,0,372.2,93.4,,,,,,,,,,,,,,,1.0,3846,95028,95.028,0.5,4013,98853,1.087,2.6,5524,0.41,136668,1.0402476,0.0119491,-2.986,-2.986,1.4381795,0.0040175,-0.523,-0.523,0.0111446,-3.181,0.0020042,-0.516
48,47578,03/29/24,GA2_QTY_2,B1,QTY,0.447,CO2,4,1,525.4,38.9,,,,,,,,,,,,,,,2.1,4200,77932,77.932,1.7,4382,81311,0.894,4.1,6043,0.336,112139,1.0433626,0.0119849,0,0,1.4389317,0.0040196,0,0,0.0111802,0,0.0020052,0
49,47579,03/29/24,GA2_QTY_3,B2,QTY,0.604,N2,1,1,47.4,26.3,22.0,887,16358,16.358,14.2,583,10749,0.118,0.6571058,0.0073564,0,0,0.0036782,0,,,,,,,,,,,,,,,,,,,,,,,,
49,47579,03/29/24,GA2_QTY_3,B2,QTY,0.604,N2,2,0,216.1,82.3,26.5,2886,63159,63.159,17.1,1888,41280,0.454,0.6535828,0.007317,-5.361,-5.361,0.0036585,-5.361,,,,,,,,,,,,,,,,,,,,,,,,
49,47579,03/29/24,GA2_QTY_3,B2,QTY,0.604,CO2,3,0,370.3,96.8,,,,,,,,,,,,,,,1.0,5249,130504,130.504,0.5,5483,135751,1.493,2.6,7527,0.562,187414,1.0402028,0.011945,-3.328,-3.328,1.4360748,0.0040118,-1.929,-1.929,0.0111411,-3.496,0.0020013,-1.923
49,47579,03/29/24,GA2_QTY_3,B2,QTY,0.604,CO2,4,1,525.4,39.1,,,,,,,,,,,,,,,2.5,4204,78012,78.012,2.1,4387,81419,0.896,4.6,6048,0.337,112247,1.0436765,0.0119849,0,0,1.43885,0.0040196,0,0,0.0111802,0,0.0020052,0
50,47580,03/29/24,BLANK,B3,BLANK,0,N2,1,1,47.4,25.9,22.1,887,16350,16.35,14.3,583,10745,0.118,0.6571464,0.0073564,0,0,0.0036782,0,,,,,,,,,,,,,,,,,,,,,,,,
50,47580,03/29/24,BLANK,B3,BLANK,0,CO2,2,1,513.1,38.5,,,,,,,,,,,,,,,0.8,4240,78679,78.679,0.3,4440,82269,0.905,2.2,6099,0.34,113192,1.0456214,0.0119849,0,0,1.4386566,0.0040196,0,0,0.0111802,0,0.0020052,0
51,47581,03/29/24,ZERO,B4,ZERO,0,N2,1,1,47.4,25.9,21.7,888,16346,16.346,13.9,583,10741,0.118,0.6570846,0.0073564,0,0,0.0036782,0,,,,,,,,,,,,,,,,,,,,,,,,
51,47581,03/29/24,ZERO,B4,ZERO,0,CO2,2,1,525.2,38.7,,,,,,,,,,,,,,,0.6,4212,78135,78.135,0.1,4397,81620,0.898,1.9,6057,0.337,112428,1.0445961,0.0119849,0,0,1.4388982,0.0040196,0,0,0.0111802,0,0.0020052,0
,,,,,,,,,,,,,,,,,,,,,,,,,,,,,,,,,,,,,,,,,,,,,,,,,
,,,,,,,,,,,,,,,,,,,,,,,,,,,,,,,,,,,,,,,,,,,,,,,,,